收费站,时间区间起点,入站车流,出站车流
收费站13,2022-02-22 00:00:00,5,0
收费站13,2022-02-22 01:00:00,0,0
收费站13,2022-02-22 02:00:00,2,0
收费站13,2022-02-22 03:00:00,0,0
收费站13,2022-02-22 04:00:00,1,0
收费站13,2022-02-22 05:00:00,0,0
收费站13,2022-02-22 06:00:00,7,0
收费站13,2022-02-22 07:00:00,22,0
收费站13,2022-02-22 08:00:00,35,0
收费站13,2022-02-22 09:00:00,40,0
收费站13,2022-02-22 10:00:00,49,0
收费站13,2022-02-22 11:00:00,29,0
收费站13,2022-02-22 12:00:00,29,0
收费站13,2022-02-22 13:00:00,43,0
收费站13,2022-02-22 14:00:00,49,1
收费站13,2022-02-22 15:00:00,45,0
收费站13,2022-02-22 16:00:00,48,0
收费站13,2022-02-22 17:00:00,42,0
收费站13,2022-02-22 18:00:00,40,0
收费站13,2022-02-22 19:00:00,28,0
收费站13,2022-02-22 20:00:00,16,0
收费站13,2022-02-22 21:00:00,14,0
收费站13,2022-02-22 22:00:00,5,0
收费站13,2022-02-22 23:00:00,3,0
收费站13,2022-02-23 00:00:00,4,0
收费站13,2022-02-23 01:00:00,1,0
收费站13,2022-02-23 02:00:00,1,0
收费站13,2022-02-23 03:00:00,0,0
收费站13,2022-02-23 04:00:00,2,0
收费站13,2022-02-23 05:00:00,2,0
收费站13,2022-02-23 06:00:00,7,0
收费站13,2022-02-23 07:00:00,22,0
收费站13,2022-02-23 08:00:00,22,0
收费站13,2022-02-23 09:00:00,37,0
收费站13,2022-02-23 10:00:00,46,0
收费站13,2022-02-23 11:00:00,35,0
收费站13,2022-02-23 12:00:00,25,0
收费站13,2022-02-23 13:00:00,34,0
收费站13,2022-02-23 14:00:00,40,0
收费站13,2022-02-23 15:00:00,47,0
收费站13,2022-02-23 16:00:00,51,0
收费站13,2022-02-23 17:00:00,47,0
收费站13,2022-02-23 18:00:00,33,0
收费站13,2022-02-23 19:00:00,31,0
收费站13,2022-02-23 20:00:00,18,0
收费站13,2022-02-23 21:00:00,9,0
收费站13,2022-02-23 22:00:00,7,0
收费站13,2022-02-23 23:00:00,5,0
收费站13,2022-02-24 00:00:00,2,0
收费站13,2022-02-24 01:00:00,4,0
收费站13,2022-02-24 02:00:00,1,0
收费站13,2022-02-24 03:00:00,1,0
收费站13,2022-02-24 04:00:00,1,0
收费站13,2022-02-24 05:00:00,3,0
收费站13,2022-02-24 06:00:00,6,0
收费站13,2022-02-24 07:00:00,9,0
收费站13,2022-02-24 08:00:00,28,0
收费站13,2022-02-24 09:00:00,32,0
收费站13,2022-02-24 10:00:00,33,0
收费站13,2022-02-24 11:00:00,31,0
收费站13,2022-02-24 12:00:00,33,0
收费站13,2022-02-24 13:00:00,31,0
收费站13,2022-02-24 14:00:00,46,0
收费站13,2022-02-24 15:00:00,38,0
收费站13,2022-02-24 16:00:00,46,0
收费站13,2022-02-24 17:00:00,51,0
收费站13,2022-02-24 18:00:00,32,0
收费站13,2022-02-24 19:00:00,29,0
收费站13,2022-02-24 20:00:00,14,0
收费站13,2022-02-24 21:00:00,14,0
收费站13,2022-02-24 22:00:00,6,0
收费站13,2022-02-24 23:00:00,1,0
收费站13,2022-02-25 00:00:00,4,0
收费站13,2022-02-25 01:00:00,1,0
收费站13,2022-02-25 02:00:00,0,0
收费站13,2022-02-25 03:00:00,0,0
收费站13,2022-02-25 04:00:00,1,0
收费站13,2022-02-25 05:00:00,1,0
收费站13,2022-02-25 06:00:00,5,0
收费站13,2022-02-25 07:00:00,17,0
收费站13,2022-02-25 08:00:00,35,0
收费站13,2022-02-25 09:00:00,32,0
收费站13,2022-02-25 10:00:00,32,0
收费站13,2022-02-25 11:00:00,39,0
收费站13,2022-02-25 12:00:00,37,0
收费站13,2022-02-25 13:00:00,26,0
收费站13,2022-02-25 14:00:00,54,0
收费站13,2022-02-25 15:00:00,56,0
收费站13,2022-02-25 16:00:00,46,0
收费站13,2022-02-25 17:00:00,51,0
收费站13,2022-02-25 18:00:00,39,0
收费站13,2022-02-25 19:00:00,27,0
收费站13,2022-02-25 20:00:00,13,0
收费站13,2022-02-25 21:00:00,15,0
收费站13,2022-02-25 22:00:00,10,0
收费站13,2022-02-25 23:00:00,3,0
收费站13,2022-02-26 00:00:00,5,0
收费站13,2022-02-26 01:00:00,1,0
收费站13,2022-02-26 02:00:00,2,0
收费站13,2022-02-26 03:00:00,1,0
收费站13,2022-02-26 04:00:00,3,0
收费站13,2022-02-26 05:00:00,3,0
收费站13,2022-02-26 06:00:00,5,0
收费站13,2022-02-26 07:00:00,11,0
收费站13,2022-02-26 08:00:00,23,0
收费站13,2022-02-26 09:00:00,39,0
收费站13,2022-02-26 10:00:00,39,0
收费站13,2022-02-26 11:00:00,32,0
收费站13,2022-02-26 12:00:00,31,0
收费站13,2022-02-26 13:00:00,42,0
收费站13,2022-02-26 14:00:00,38,0
收费站13,2022-02-26 15:00:00,62,0
收费站13,2022-02-26 16:00:00,50,0
收费站13,2022-02-26 17:00:00,35,0
收费站13,2022-02-26 18:00:00,30,0
收费站13,2022-02-26 19:00:00,20,0
收费站13,2022-02-26 20:00:00,17,0
收费站13,2022-02-26 21:00:00,11,0
收费站13,2022-02-26 22:00:00,1,0
收费站13,2022-02-26 23:00:00,5,0
收费站13,2022-02-27 00:00:00,0,0
收费站13,2022-02-27 01:00:00,1,0
收费站13,2022-02-27 02:00:00,1,0
收费站13,2022-02-27 03:00:00,1,0
收费站13,2022-02-27 04:00:00,1,0
收费站13,2022-02-27 05:00:00,1,0
收费站13,2022-02-27 06:00:00,10,0
收费站13,2022-02-27 07:00:00,14,0
收费站13,2022-02-27 08:00:00,22,0
收费站13,2022-02-27 09:00:00,33,0
收费站13,2022-02-27 10:00:00,30,0
收费站13,2022-02-27 11:00:00,26,0
收费站13,2022-02-27 12:00:00,29,0
收费站13,2022-02-27 13:00:00,45,0
收费站13,2022-02-27 14:00:00,50,0
收费站13,2022-02-27 15:00:00,52,0
收费站13,2022-02-27 16:00:00,55,0
收费站13,2022-02-27 17:00:00,56,0
收费站13,2022-02-27 18:00:00,37,0
收费站13,2022-02-27 19:00:00,20,0
收费站13,2022-02-27 20:00:00,17,0
收费站13,2022-02-27 21:00:00,9,0
收费站13,2022-02-27 22:00:00,8,0
收费站13,2022-02-27 23:00:00,3,0
收费站12,2022-02-22 00:00:00,1,0
收费站12,2022-02-22 01:00:00,0,0
收费站12,2022-02-22 02:00:00,1,1
收费站12,2022-02-22 03:00:00,3,0
收费站12,2022-02-22 04:00:00,5,0
收费站12,2022-02-22 05:00:00,4,0
收费站12,2022-02-22 06:00:00,11,0
收费站12,2022-02-22 07:00:00,30,1
收费站12,2022-02-22 08:00:00,32,1
收费站12,2022-02-22 09:00:00,45,2
收费站12,2022-02-22 10:00:00,29,5
收费站12,2022-02-22 11:00:00,21,2
收费站12,2022-02-22 12:00:00,28,0
收费站12,2022-02-22 13:00:00,18,1
收费站12,2022-02-22 14:00:00,29,1
收费站12,2022-02-22 15:00:00,24,3
收费站12,2022-02-22 16:00:00,23,4
收费站12,2022-02-22 17:00:00,36,2
收费站12,2022-02-22 18:00:00,29,7
收费站12,2022-02-22 19:00:00,13,1
收费站12,2022-02-22 20:00:00,5,4
收费站12,2022-02-22 21:00:00,3,3
收费站12,2022-02-22 22:00:00,7,1
收费站12,2022-02-22 23:00:00,4,2
收费站12,2022-02-23 00:00:00,2,1
收费站12,2022-02-23 01:00:00,2,0
收费站12,2022-02-23 02:00:00,1,0
收费站12,2022-02-23 03:00:00,2,0
收费站12,2022-02-23 04:00:00,4,0
收费站12,2022-02-23 05:00:00,5,0
收费站12,2022-02-23 06:00:00,14,0
收费站12,2022-02-23 07:00:00,31,0
收费站12,2022-02-23 08:00:00,38,2
收费站12,2022-02-23 09:00:00,29,1
收费站12,2022-02-23 10:00:00,25,1
收费站12,2022-02-23 11:00:00,19,2
收费站12,2022-02-23 12:00:00,20,0
收费站12,2022-02-23 13:00:00,26,1
收费站12,2022-02-23 14:00:00,33,2
收费站12,2022-02-23 15:00:00,23,2
收费站12,2022-02-23 16:00:00,16,2
收费站12,2022-02-23 17:00:00,22,5
收费站12,2022-02-23 18:00:00,23,2
收费站12,2022-02-23 19:00:00,15,3
收费站12,2022-02-23 20:00:00,10,5
收费站12,2022-02-23 21:00:00,4,1
收费站12,2022-02-23 22:00:00,4,0
收费站12,2022-02-23 23:00:00,3,2
收费站12,2022-02-24 00:00:00,2,0
收费站12,2022-02-24 01:00:00,1,1
收费站12,2022-02-24 02:00:00,0,1
收费站12,2022-02-24 03:00:00,3,2
收费站12,2022-02-24 04:00:00,7,1
收费站12,2022-02-24 05:00:00,4,0
收费站12,2022-02-24 06:00:00,14,1
收费站12,2022-02-24 07:00:00,35,0
收费站12,2022-02-24 08:00:00,30,1
收费站12,2022-02-24 09:00:00,36,3
收费站12,2022-02-24 10:00:00,37,6
收费站12,2022-02-24 11:00:00,19,1
收费站12,2022-02-24 12:00:00,21,0
收费站12,2022-02-24 13:00:00,18,2
收费站12,2022-02-24 14:00:00,18,3
收费站12,2022-02-24 15:00:00,13,3
收费站12,2022-02-24 16:00:00,24,4
收费站12,2022-02-24 17:00:00,22,3
收费站12,2022-02-24 18:00:00,27,6
收费站12,2022-02-24 19:00:00,16,2
收费站12,2022-02-24 20:00:00,12,2
收费站12,2022-02-24 21:00:00,5,4
收费站12,2022-02-24 22:00:00,0,1
收费站12,2022-02-24 23:00:00,1,2
收费站12,2022-02-25 00:00:00,1,0
收费站12,2022-02-25 01:00:00,2,1
收费站12,2022-02-25 02:00:00,4,0
收费站12,2022-02-25 03:00:00,3,0
收费站12,2022-02-25 04:00:00,7,0
收费站12,2022-02-25 05:00:00,2,2
收费站12,2022-02-25 06:00:00,10,1
收费站12,2022-02-25 07:00:00,13,0
收费站12,2022-02-25 08:00:00,40,0
收费站12,2022-02-25 09:00:00,27,3
收费站12,2022-02-25 10:00:00,25,3
收费站12,2022-02-25 11:00:00,27,2
收费站12,2022-02-25 12:00:00,20,3
收费站12,2022-02-25 13:00:00,15,5
收费站12,2022-02-25 14:00:00,27,4
收费站12,2022-02-25 15:00:00,29,4
收费站12,2022-02-25 16:00:00,50,6
收费站12,2022-02-25 17:00:00,52,5
收费站12,2022-02-25 18:00:00,43,3
收费站12,2022-02-25 19:00:00,23,1
收费站12,2022-02-25 20:00:00,9,3
收费站12,2022-02-25 21:00:00,5,2
收费站12,2022-02-25 22:00:00,3,1
收费站12,2022-02-25 23:00:00,1,2
收费站12,2022-02-26 00:00:00,0,2
收费站12,2022-02-26 01:00:00,1,2
收费站12,2022-02-26 02:00:00,2,2
收费站12,2022-02-26 03:00:00,0,1
收费站12,2022-02-26 04:00:00,0,1
收费站12,2022-02-26 05:00:00,6,0
收费站12,2022-02-26 06:00:00,11,0
收费站12,2022-02-26 07:00:00,15,1
收费站12,2022-02-26 08:00:00,21,1
收费站12,2022-02-26 09:00:00,24,2
收费站12,2022-02-26 10:00:00,29,2
收费站12,2022-02-26 11:00:00,23,5
收费站12,2022-02-26 12:00:00,23,2
收费站12,2022-02-26 13:00:00,19,4
收费站12,2022-02-26 14:00:00,40,6
收费站12,2022-02-26 15:00:00,38,4
收费站12,2022-02-26 16:00:00,28,2
收费站12,2022-02-26 17:00:00,41,5
收费站12,2022-02-26 18:00:00,32,4
收费站12,2022-02-26 19:00:00,8,5
收费站12,2022-02-26 20:00:00,5,3
收费站12,2022-02-26 21:00:00,4,1
收费站12,2022-02-26 22:00:00,1,1
收费站12,2022-02-26 23:00:00,1,1
收费站12,2022-02-27 00:00:00,0,1
收费站12,2022-02-27 01:00:00,0,1
收费站12,2022-02-27 02:00:00,4,0
收费站12,2022-02-27 03:00:00,3,1
收费站12,2022-02-27 04:00:00,3,1
收费站12,2022-02-27 05:00:00,3,0
收费站12,2022-02-27 06:00:00,7,0
收费站12,2022-02-27 07:00:00,17,1
收费站12,2022-02-27 08:00:00,25,2
收费站12,2022-02-27 09:00:00,29,5
收费站12,2022-02-27 10:00:00,30,3
收费站12,2022-02-27 11:00:00,28,3
收费站12,2022-02-27 12:00:00,19,5
收费站12,2022-02-27 13:00:00,23,1
收费站12,2022-02-27 14:00:00,51,10
收费站12,2022-02-27 15:00:00,61,5
收费站12,2022-02-27 16:00:00,62,2
收费站12,2022-02-27 17:00:00,55,3
收费站12,2022-02-27 18:00:00,49,5
收费站12,2022-02-27 19:00:00,11,2
收费站12,2022-02-27 20:00:00,6,2
收费站12,2022-02-27 21:00:00,6,2
收费站12,2022-02-27 22:00:00,6,2
收费站12,2022-02-27 23:00:00,0,6
收费站11,2022-02-22 00:00:00,2,1
收费站11,2022-02-22 01:00:00,0,0
收费站11,2022-02-22 02:00:00,1,1
收费站11,2022-02-22 03:00:00,2,0
收费站11,2022-02-22 04:00:00,1,1
收费站11,2022-02-22 05:00:00,1,0
收费站11,2022-02-22 06:00:00,13,3
收费站11,2022-02-22 07:00:00,40,3
收费站11,2022-02-22 08:00:00,66,14
收费站11,2022-02-22 09:00:00,54,13
收费站11,2022-02-22 10:00:00,34,9
收费站11,2022-02-22 11:00:00,36,16
收费站11,2022-02-22 12:00:00,38,16
收费站11,2022-02-22 13:00:00,39,10
收费站11,2022-02-22 14:00:00,39,19
收费站11,2022-02-22 15:00:00,39,15
收费站11,2022-02-22 16:00:00,39,26
收费站11,2022-02-22 17:00:00,35,25
收费站11,2022-02-22 18:00:00,40,27
收费站11,2022-02-22 19:00:00,15,19
收费站11,2022-02-22 20:00:00,18,13
收费站11,2022-02-22 21:00:00,9,6
收费站11,2022-02-22 22:00:00,6,7
收费站11,2022-02-22 23:00:00,4,2
收费站11,2022-02-23 00:00:00,1,3
收费站11,2022-02-23 01:00:00,2,4
收费站11,2022-02-23 02:00:00,0,1
收费站11,2022-02-23 03:00:00,3,0
收费站11,2022-02-23 04:00:00,1,1
收费站11,2022-02-23 05:00:00,10,1
收费站11,2022-02-23 06:00:00,11,3
收费站11,2022-02-23 07:00:00,32,8
收费站11,2022-02-23 08:00:00,56,5
收费站11,2022-02-23 09:00:00,57,10
收费站11,2022-02-23 10:00:00,48,19
收费站11,2022-02-23 11:00:00,20,11
收费站11,2022-02-23 12:00:00,28,12
收费站11,2022-02-23 13:00:00,27,18
收费站11,2022-02-23 14:00:00,41,9
收费站11,2022-02-23 15:00:00,31,20
收费站11,2022-02-23 16:00:00,24,13
收费站11,2022-02-23 17:00:00,31,21
收费站11,2022-02-23 18:00:00,30,22
收费站11,2022-02-23 19:00:00,13,17
收费站11,2022-02-23 20:00:00,13,12
收费站11,2022-02-23 21:00:00,6,7
收费站11,2022-02-23 22:00:00,6,6
收费站11,2022-02-23 23:00:00,1,5
收费站11,2022-02-24 00:00:00,3,6
收费站11,2022-02-24 01:00:00,1,2
收费站11,2022-02-24 02:00:00,0,1
收费站11,2022-02-24 03:00:00,5,1
收费站11,2022-02-24 04:00:00,0,2
收费站11,2022-02-24 05:00:00,1,1
收费站11,2022-02-24 06:00:00,11,3
收费站11,2022-02-24 07:00:00,29,4
收费站11,2022-02-24 08:00:00,57,9
收费站11,2022-02-24 09:00:00,51,14
收费站11,2022-02-24 10:00:00,26,20
收费站11,2022-02-24 11:00:00,15,9
收费站11,2022-02-24 12:00:00,24,17
收费站11,2022-02-24 13:00:00,39,11
收费站11,2022-02-24 14:00:00,41,12
收费站11,2022-02-24 15:00:00,31,11
收费站11,2022-02-24 16:00:00,28,33
收费站11,2022-02-24 17:00:00,26,17
收费站11,2022-02-24 18:00:00,32,21
收费站11,2022-02-24 19:00:00,23,14
收费站11,2022-02-24 20:00:00,11,12
收费站11,2022-02-24 21:00:00,12,7
收费站11,2022-02-24 22:00:00,5,6
收费站11,2022-02-24 23:00:00,4,6
收费站11,2022-02-25 00:00:00,2,0
收费站11,2022-02-25 01:00:00,0,2
收费站11,2022-02-25 02:00:00,1,1
收费站11,2022-02-25 03:00:00,4,0
收费站11,2022-02-25 04:00:00,1,1
收费站11,2022-02-25 05:00:00,4,0
收费站11,2022-02-25 06:00:00,14,3
收费站11,2022-02-25 07:00:00,36,3
收费站11,2022-02-25 08:00:00,50,17
收费站11,2022-02-25 09:00:00,53,16
收费站11,2022-02-25 10:00:00,45,14
收费站11,2022-02-25 11:00:00,34,13
收费站11,2022-02-25 12:00:00,19,17
收费站11,2022-02-25 13:00:00,36,11
收费站11,2022-02-25 14:00:00,37,22
收费站11,2022-02-25 15:00:00,38,17
收费站11,2022-02-25 16:00:00,54,37
收费站11,2022-02-25 17:00:00,53,33
收费站11,2022-02-25 18:00:00,52,25
收费站11,2022-02-25 19:00:00,25,13
收费站11,2022-02-25 20:00:00,14,11
收费站11,2022-02-25 21:00:00,6,16
收费站11,2022-02-25 22:00:00,11,4
收费站11,2022-02-25 23:00:00,1,9
收费站11,2022-02-26 00:00:00,5,7
收费站11,2022-02-26 01:00:00,3,3
收费站11,2022-02-26 02:00:00,3,1
收费站11,2022-02-26 03:00:00,2,1
收费站11,2022-02-26 04:00:00,0,0
收费站11,2022-02-26 05:00:00,1,1
收费站11,2022-02-26 06:00:00,12,5
收费站11,2022-02-26 07:00:00,17,3
收费站11,2022-02-26 08:00:00,37,11
收费站11,2022-02-26 09:00:00,45,13
收费站11,2022-02-26 10:00:00,45,15
收费站11,2022-02-26 11:00:00,35,15
收费站11,2022-02-26 12:00:00,34,18
收费站11,2022-02-26 13:00:00,46,8
收费站11,2022-02-26 14:00:00,31,19
收费站11,2022-02-26 15:00:00,42,24
收费站11,2022-02-26 16:00:00,31,26
收费站11,2022-02-26 17:00:00,63,13
收费站11,2022-02-26 18:00:00,39,16
收费站11,2022-02-26 19:00:00,37,17
收费站11,2022-02-26 20:00:00,13,9
收费站11,2022-02-26 21:00:00,7,10
收费站11,2022-02-26 22:00:00,5,3
收费站11,2022-02-26 23:00:00,8,2
收费站11,2022-02-27 00:00:00,3,0
收费站11,2022-02-27 01:00:00,0,1
收费站11,2022-02-27 02:00:00,4,2
收费站11,2022-02-27 03:00:00,0,0
收费站11,2022-02-27 04:00:00,2,0
收费站11,2022-02-27 05:00:00,3,2
收费站11,2022-02-27 06:00:00,20,2
收费站11,2022-02-27 07:00:00,20,2
收费站11,2022-02-27 08:00:00,29,5
收费站11,2022-02-27 09:00:00,48,9
收费站11,2022-02-27 10:00:00,33,20
收费站11,2022-02-27 11:00:00,26,14
收费站11,2022-02-27 12:00:00,24,10
收费站11,2022-02-27 13:00:00,40,10
收费站11,2022-02-27 14:00:00,51,28
收费站11,2022-02-27 15:00:00,54,25
收费站11,2022-02-27 16:00:00,40,40
收费站11,2022-02-27 17:00:00,46,32
收费站11,2022-02-27 18:00:00,45,36
收费站11,2022-02-27 19:00:00,22,21
收费站11,2022-02-27 20:00:00,11,9
收费站11,2022-02-27 21:00:00,18,11
收费站11,2022-02-27 22:00:00,9,11
收费站11,2022-02-27 23:00:00,0,7
收费站15,2022-02-22 00:00:00,3,0
收费站15,2022-02-22 01:00:00,1,0
收费站15,2022-02-22 02:00:00,2,0
收费站15,2022-02-22 03:00:00,0,0
收费站15,2022-02-22 04:00:00,1,0
收费站15,2022-02-22 05:00:00,5,0
收费站15,2022-02-22 06:00:00,12,1
收费站15,2022-02-22 07:00:00,26,8
收费站15,2022-02-22 08:00:00,58,19
收费站15,2022-02-22 09:00:00,68,7
收费站15,2022-02-22 10:00:00,48,10
收费站15,2022-02-22 11:00:00,36,8
收费站15,2022-02-22 12:00:00,24,8
收费站15,2022-02-22 13:00:00,44,8
收费站15,2022-02-22 14:00:00,31,13
收费站15,2022-02-22 15:00:00,31,12
收费站15,2022-02-22 16:00:00,31,6
收费站15,2022-02-22 17:00:00,21,17
收费站15,2022-02-22 18:00:00,25,27
收费站15,2022-02-22 19:00:00,12,11
收费站15,2022-02-22 20:00:00,15,3
收费站15,2022-02-22 21:00:00,7,8
收费站15,2022-02-22 22:00:00,3,7
收费站15,2022-02-22 23:00:00,7,1
收费站15,2022-02-23 00:00:00,2,1
收费站15,2022-02-23 01:00:00,2,2
收费站15,2022-02-23 02:00:00,0,1
收费站15,2022-02-23 03:00:00,1,0
收费站15,2022-02-23 04:00:00,2,0
收费站15,2022-02-23 05:00:00,4,1
收费站15,2022-02-23 06:00:00,17,1
收费站15,2022-02-23 07:00:00,40,9
收费站15,2022-02-23 08:00:00,41,20
收费站15,2022-02-23 09:00:00,45,10
收费站15,2022-02-23 10:00:00,40,8
收费站15,2022-02-23 11:00:00,30,14
收费站15,2022-02-23 12:00:00,29,12
收费站15,2022-02-23 13:00:00,34,9
收费站15,2022-02-23 14:00:00,32,9
收费站15,2022-02-23 15:00:00,29,12
收费站15,2022-02-23 16:00:00,30,11
收费站15,2022-02-23 17:00:00,30,17
收费站15,2022-02-23 18:00:00,20,24
收费站15,2022-02-23 19:00:00,20,13
收费站15,2022-02-23 20:00:00,15,9
收费站15,2022-02-23 21:00:00,6,8
收费站15,2022-02-23 22:00:00,5,0
收费站15,2022-02-23 23:00:00,3,6
收费站15,2022-02-24 00:00:00,2,1
收费站15,2022-02-24 01:00:00,1,0
收费站15,2022-02-24 02:00:00,2,0
收费站15,2022-02-24 03:00:00,1,0
收费站15,2022-02-24 04:00:00,3,0
收费站15,2022-02-24 05:00:00,2,0
收费站15,2022-02-24 06:00:00,14,1
收费站15,2022-02-24 07:00:00,20,12
收费站15,2022-02-24 08:00:00,40,16
收费站15,2022-02-24 09:00:00,46,9
收费站15,2022-02-24 10:00:00,40,13
收费站15,2022-02-24 11:00:00,27,11
收费站15,2022-02-24 12:00:00,24,10
收费站15,2022-02-24 13:00:00,36,8
收费站15,2022-02-24 14:00:00,48,6
收费站15,2022-02-24 15:00:00,44,16
收费站15,2022-02-24 16:00:00,34,13
收费站15,2022-02-24 17:00:00,25,8
收费站15,2022-02-24 18:00:00,26,20
收费站15,2022-02-24 19:00:00,14,13
收费站15,2022-02-24 20:00:00,13,6
收费站15,2022-02-24 21:00:00,8,11
收费站15,2022-02-24 22:00:00,5,5
收费站15,2022-02-24 23:00:00,3,1
收费站15,2022-02-25 00:00:00,1,0
收费站15,2022-02-25 01:00:00,1,1
收费站15,2022-02-25 02:00:00,1,0
收费站15,2022-02-25 03:00:00,1,0
收费站15,2022-02-25 04:00:00,1,0
收费站15,2022-02-25 05:00:00,4,1
收费站15,2022-02-25 06:00:00,12,3
收费站15,2022-02-25 07:00:00,26,4
收费站15,2022-02-25 08:00:00,32,15
收费站15,2022-02-25 09:00:00,55,6
收费站15,2022-02-25 10:00:00,36,11
收费站15,2022-02-25 11:00:00,28,10
收费站15,2022-02-25 12:00:00,16,7
收费站15,2022-02-25 13:00:00,23,9
收费站15,2022-02-25 14:00:00,37,12
收费站15,2022-02-25 15:00:00,38,19
收费站15,2022-02-25 16:00:00,32,20
收费站15,2022-02-25 17:00:00,50,20
收费站15,2022-02-25 18:00:00,30,21
收费站15,2022-02-25 19:00:00,32,17
收费站15,2022-02-25 20:00:00,24,14
收费站15,2022-02-25 21:00:00,7,5
收费站15,2022-02-25 22:00:00,10,8
收费站15,2022-02-25 23:00:00,4,4
收费站15,2022-02-26 00:00:00,0,1
收费站15,2022-02-26 01:00:00,2,2
收费站15,2022-02-26 02:00:00,1,0
收费站15,2022-02-26 03:00:00,1,0
收费站15,2022-02-26 04:00:00,0,0
收费站15,2022-02-26 05:00:00,3,0
收费站15,2022-02-26 06:00:00,10,0
收费站15,2022-02-26 07:00:00,24,4
收费站15,2022-02-26 08:00:00,37,11
收费站15,2022-02-26 09:00:00,60,8
收费站15,2022-02-26 10:00:00,45,11
收费站15,2022-02-26 11:00:00,41,16
收费站15,2022-02-26 12:00:00,19,13
收费站15,2022-02-26 13:00:00,21,16
收费站15,2022-02-26 14:00:00,33,11
收费站15,2022-02-26 15:00:00,26,20
收费站15,2022-02-26 16:00:00,30,19
收费站15,2022-02-26 17:00:00,21,32
收费站15,2022-02-26 18:00:00,27,25
收费站15,2022-02-26 19:00:00,23,25
收费站15,2022-02-26 20:00:00,11,10
收费站15,2022-02-26 21:00:00,14,8
收费站15,2022-02-26 22:00:00,8,4
收费站15,2022-02-26 23:00:00,2,2
收费站15,2022-02-27 00:00:00,1,2
收费站15,2022-02-27 01:00:00,0,0
收费站15,2022-02-27 02:00:00,1,0
收费站15,2022-02-27 03:00:00,3,0
收费站15,2022-02-27 04:00:00,2,0
收费站15,2022-02-27 05:00:00,2,0
收费站15,2022-02-27 06:00:00,17,1
收费站15,2022-02-27 07:00:00,25,5
收费站15,2022-02-27 08:00:00,35,7
收费站15,2022-02-27 09:00:00,37,6
收费站15,2022-02-27 10:00:00,60,6
收费站15,2022-02-27 11:00:00,29,8
收费站15,2022-02-27 12:00:00,24,7
收费站15,2022-02-27 13:00:00,34,11
收费站15,2022-02-27 14:00:00,41,13
收费站15,2022-02-27 15:00:00,36,27
收费站15,2022-02-27 16:00:00,35,26
收费站15,2022-02-27 17:00:00,39,35
收费站15,2022-02-27 18:00:00,28,28
收费站15,2022-02-27 19:00:00,24,13
收费站15,2022-02-27 20:00:00,14,9
收费站15,2022-02-27 21:00:00,12,6
收费站15,2022-02-27 22:00:00,6,5
收费站15,2022-02-27 23:00:00,3,3
收费站10,2022-02-22 00:00:00,0,0
收费站10,2022-02-22 01:00:00,1,0
收费站10,2022-02-22 02:00:00,0,0
收费站10,2022-02-22 03:00:00,0,0
收费站10,2022-02-22 04:00:00,0,0
收费站10,2022-02-22 05:00:00,0,0
收费站10,2022-02-22 06:00:00,1,0
收费站10,2022-02-22 07:00:00,1,0
收费站10,2022-02-22 08:00:00,1,1
收费站10,2022-02-22 09:00:00,7,0
收费站10,2022-02-22 10:00:00,5,0
收费站10,2022-02-22 11:00:00,0,0
收费站10,2022-02-22 12:00:00,0,3
收费站10,2022-02-22 13:00:00,1,0
收费站10,2022-02-22 14:00:00,3,2
收费站10,2022-02-22 15:00:00,1,0
收费站10,2022-02-22 16:00:00,2,2
收费站10,2022-02-22 17:00:00,1,0
收费站10,2022-02-22 18:00:00,0,0
收费站10,2022-02-22 19:00:00,2,0
收费站10,2022-02-22 20:00:00,0,0
收费站10,2022-02-22 21:00:00,1,0
收费站10,2022-02-22 22:00:00,0,0
收费站10,2022-02-22 23:00:00,0,0
收费站10,2022-02-23 00:00:00,0,0
收费站10,2022-02-23 01:00:00,0,0
收费站10,2022-02-23 02:00:00,0,0
收费站10,2022-02-23 03:00:00,0,0
收费站10,2022-02-23 04:00:00,0,0
收费站10,2022-02-23 05:00:00,0,0
收费站10,2022-02-23 06:00:00,0,0
收费站10,2022-02-23 07:00:00,1,0
收费站10,2022-02-23 08:00:00,1,0
收费站10,2022-02-23 09:00:00,5,1
收费站10,2022-02-23 10:00:00,2,1
收费站10,2022-02-23 11:00:00,0,0
收费站10,2022-02-23 12:00:00,1,0
收费站10,2022-02-23 13:00:00,2,0
收费站10,2022-02-23 14:00:00,1,0
收费站10,2022-02-23 15:00:00,0,1
收费站10,2022-02-23 16:00:00,1,4
收费站10,2022-02-23 17:00:00,4,0
收费站10,2022-02-23 18:00:00,2,1
收费站10,2022-02-23 19:00:00,2,1
收费站10,2022-02-23 20:00:00,1,0
收费站10,2022-02-23 21:00:00,0,0
收费站10,2022-02-23 22:00:00,0,0
收费站10,2022-02-23 23:00:00,0,1
收费站10,2022-02-24 00:00:00,0,0
收费站10,2022-02-24 01:00:00,0,0
收费站10,2022-02-24 02:00:00,0,0
收费站10,2022-02-24 03:00:00,0,0
收费站10,2022-02-24 04:00:00,0,0
收费站10,2022-02-24 05:00:00,0,0
收费站10,2022-02-24 06:00:00,0,0
收费站10,2022-02-24 07:00:00,0,0
收费站10,2022-02-24 08:00:00,2,1
收费站10,2022-02-24 09:00:00,1,0
收费站10,2022-02-24 10:00:00,3,0
收费站10,2022-02-24 11:00:00,3,0
收费站10,2022-02-24 12:00:00,2,0
收费站10,2022-02-24 13:00:00,0,0
收费站10,2022-02-24 14:00:00,1,0
收费站10,2022-02-24 15:00:00,1,0
收费站10,2022-02-24 16:00:00,0,1
收费站10,2022-02-24 17:00:00,0,1
收费站10,2022-02-24 18:00:00,0,0
收费站10,2022-02-24 19:00:00,0,1
收费站10,2022-02-24 20:00:00,0,0
收费站10,2022-02-24 21:00:00,0,0
收费站10,2022-02-24 22:00:00,0,0
收费站10,2022-02-24 23:00:00,0,0
收费站10,2022-02-25 00:00:00,0,0
收费站10,2022-02-25 01:00:00,0,0
收费站10,2022-02-25 02:00:00,0,0
收费站10,2022-02-25 03:00:00,0,0
收费站10,2022-02-25 04:00:00,0,0
收费站10,2022-02-25 05:00:00,0,0
收费站10,2022-02-25 06:00:00,0,0
收费站10,2022-02-25 07:00:00,0,0
收费站10,2022-02-25 08:00:00,0,1
收费站10,2022-02-25 09:00:00,3,0
收费站10,2022-02-25 10:00:00,1,1
收费站10,2022-02-25 11:00:00,0,0
收费站10,2022-02-25 12:00:00,0,0
收费站10,2022-02-25 13:00:00,0,4
收费站10,2022-02-25 14:00:00,3,0
收费站10,2022-02-25 15:00:00,1,3
收费站10,2022-02-25 16:00:00,0,2
收费站10,2022-02-25 17:00:00,2,0
收费站10,2022-02-25 18:00:00,6,1
收费站10,2022-02-25 19:00:00,1,2
收费站10,2022-02-25 20:00:00,0,1
收费站10,2022-02-25 21:00:00,0,0
收费站10,2022-02-25 22:00:00,0,0
收费站10,2022-02-25 23:00:00,0,0
收费站10,2022-02-26 00:00:00,1,0
收费站10,2022-02-26 01:00:00,0,0
收费站10,2022-02-26 02:00:00,0,0
收费站10,2022-02-26 03:00:00,0,0
收费站10,2022-02-26 04:00:00,0,0
收费站10,2022-02-26 05:00:00,0,0
收费站10,2022-02-26 06:00:00,0,0
收费站10,2022-02-26 07:00:00,1,0
收费站10,2022-02-26 08:00:00,0,0
收费站10,2022-02-26 09:00:00,3,0
收费站10,2022-02-26 10:00:00,0,0
收费站10,2022-02-26 11:00:00,2,1
收费站10,2022-02-26 12:00:00,1,0
收费站10,2022-02-26 13:00:00,1,2
收费站10,2022-02-26 14:00:00,5,2
收费站10,2022-02-26 15:00:00,3,0
收费站10,2022-02-26 16:00:00,2,1
收费站10,2022-02-26 17:00:00,2,4
收费站10,2022-02-26 18:00:00,0,2
收费站10,2022-02-26 19:00:00,1,0
收费站10,2022-02-26 20:00:00,2,0
收费站10,2022-02-26 21:00:00,0,1
收费站10,2022-02-26 22:00:00,1,0
收费站10,2022-02-26 23:00:00,1,0
收费站10,2022-02-27 00:00:00,0,0
收费站10,2022-02-27 01:00:00,0,0
收费站10,2022-02-27 02:00:00,0,0
收费站10,2022-02-27 03:00:00,0,0
收费站10,2022-02-27 04:00:00,0,0
收费站10,2022-02-27 05:00:00,0,0
收费站10,2022-02-27 06:00:00,2,0
收费站10,2022-02-27 07:00:00,1,0
收费站10,2022-02-27 08:00:00,2,0
收费站10,2022-02-27 09:00:00,6,0
收费站10,2022-02-27 10:00:00,1,0
收费站10,2022-02-27 11:00:00,0,3
收费站10,2022-02-27 12:00:00,2,0
收费站10,2022-02-27 13:00:00,1,1
收费站10,2022-02-27 14:00:00,3,0
收费站10,2022-02-27 15:00:00,2,1
收费站10,2022-02-27 16:00:00,5,3
收费站10,2022-02-27 17:00:00,1,3
收费站10,2022-02-27 18:00:00,0,2
收费站10,2022-02-27 19:00:00,2,2
收费站10,2022-02-27 20:00:00,1,0
收费站10,2022-02-27 21:00:00,0,1
收费站10,2022-02-27 22:00:00,0,0
收费站10,2022-02-27 23:00:00,0,0
收费站9,2022-02-22 00:00:00,1,0
收费站9,2022-02-22 01:00:00,2,0
收费站9,2022-02-22 02:00:00,0,0
收费站9,2022-02-22 03:00:00,4,0
收费站9,2022-02-22 04:00:00,1,0
收费站9,2022-02-22 05:00:00,4,0
收费站9,2022-02-22 06:00:00,5,0
收费站9,2022-02-22 07:00:00,9,2
收费站9,2022-02-22 08:00:00,9,4
收费站9,2022-02-22 09:00:00,12,2
收费站9,2022-02-22 10:00:00,12,4
收费站9,2022-02-22 11:00:00,7,4
收费站9,2022-02-22 12:00:00,10,2
收费站9,2022-02-22 13:00:00,8,2
收费站9,2022-02-22 14:00:00,18,1
收费站9,2022-02-22 15:00:00,12,3
收费站9,2022-02-22 16:00:00,13,3
收费站9,2022-02-22 17:00:00,10,7
收费站9,2022-02-22 18:00:00,2,8
收费站9,2022-02-22 19:00:00,4,0
收费站9,2022-02-22 20:00:00,1,2
收费站9,2022-02-22 21:00:00,0,2
收费站9,2022-02-22 22:00:00,2,1
收费站9,2022-02-22 23:00:00,0,1
收费站9,2022-02-23 00:00:00,0,1
收费站9,2022-02-23 01:00:00,1,0
收费站9,2022-02-23 02:00:00,0,0
收费站9,2022-02-23 03:00:00,2,0
收费站9,2022-02-23 04:00:00,0,0
收费站9,2022-02-23 05:00:00,6,0
收费站9,2022-02-23 06:00:00,2,0
收费站9,2022-02-23 07:00:00,7,0
收费站9,2022-02-23 08:00:00,9,8
收费站9,2022-02-23 09:00:00,9,2
收费站9,2022-02-23 10:00:00,11,3
收费站9,2022-02-23 11:00:00,8,2
收费站9,2022-02-23 12:00:00,9,6
收费站9,2022-02-23 13:00:00,7,4
收费站9,2022-02-23 14:00:00,2,5
收费站9,2022-02-23 15:00:00,2,12
收费站9,2022-02-23 16:00:00,6,8
收费站9,2022-02-23 17:00:00,6,13
收费站9,2022-02-23 18:00:00,5,20
收费站9,2022-02-23 19:00:00,1,9
收费站9,2022-02-23 20:00:00,5,8
收费站9,2022-02-23 21:00:00,1,7
收费站9,2022-02-23 22:00:00,2,0
收费站9,2022-02-23 23:00:00,1,2
收费站9,2022-02-24 00:00:00,0,1
收费站9,2022-02-24 01:00:00,0,0
收费站9,2022-02-24 02:00:00,1,0
收费站9,2022-02-24 03:00:00,1,0
收费站9,2022-02-24 04:00:00,0,1
收费站9,2022-02-24 05:00:00,2,1
收费站9,2022-02-24 06:00:00,2,4
收费站9,2022-02-24 07:00:00,2,6
收费站9,2022-02-24 08:00:00,4,11
收费站9,2022-02-24 09:00:00,9,11
收费站9,2022-02-24 10:00:00,8,8
收费站9,2022-02-24 11:00:00,4,10
收费站9,2022-02-24 12:00:00,4,9
收费站9,2022-02-24 13:00:00,4,7
收费站9,2022-02-24 14:00:00,5,6
收费站9,2022-02-24 15:00:00,4,6
收费站9,2022-02-24 16:00:00,2,17
收费站9,2022-02-24 17:00:00,5,10
收费站9,2022-02-24 18:00:00,4,17
收费站9,2022-02-24 19:00:00,3,12
收费站9,2022-02-24 20:00:00,2,9
收费站9,2022-02-24 21:00:00,1,5
收费站9,2022-02-24 22:00:00,1,1
收费站9,2022-02-24 23:00:00,0,2
收费站9,2022-02-25 00:00:00,0,0
收费站9,2022-02-25 01:00:00,2,0
收费站9,2022-02-25 02:00:00,1,0
收费站9,2022-02-25 03:00:00,1,1
收费站9,2022-02-25 04:00:00,2,0
收费站9,2022-02-25 05:00:00,3,1
收费站9,2022-02-25 06:00:00,5,2
收费站9,2022-02-25 07:00:00,4,7
收费站9,2022-02-25 08:00:00,8,14
收费站9,2022-02-25 09:00:00,6,14
收费站9,2022-02-25 10:00:00,7,7
收费站9,2022-02-25 11:00:00,10,5
收费站9,2022-02-25 12:00:00,7,2
收费站9,2022-02-25 13:00:00,10,5
收费站9,2022-02-25 14:00:00,6,5
收费站9,2022-02-25 15:00:00,7,6
收费站9,2022-02-25 16:00:00,5,7
收费站9,2022-02-25 17:00:00,12,5
收费站9,2022-02-25 18:00:00,8,5
收费站9,2022-02-25 19:00:00,2,3
收费站9,2022-02-25 20:00:00,5,3
收费站9,2022-02-25 21:00:00,3,3
收费站9,2022-02-25 22:00:00,2,2
收费站9,2022-02-25 23:00:00,0,3
收费站9,2022-02-26 00:00:00,0,1
收费站9,2022-02-26 01:00:00,2,1
收费站9,2022-02-26 02:00:00,1,0
收费站9,2022-02-26 03:00:00,1,0
收费站9,2022-02-26 04:00:00,0,0
收费站9,2022-02-26 05:00:00,1,0
收费站9,2022-02-26 06:00:00,3,0
收费站9,2022-02-26 07:00:00,6,0
收费站9,2022-02-26 08:00:00,11,1
收费站9,2022-02-26 09:00:00,10,2
收费站9,2022-02-26 10:00:00,14,2
收费站9,2022-02-26 11:00:00,8,5
收费站9,2022-02-26 12:00:00,10,2
收费站9,2022-02-26 13:00:00,10,2
收费站9,2022-02-26 14:00:00,5,3
收费站9,2022-02-26 15:00:00,5,0
收费站9,2022-02-26 16:00:00,9,4
收费站9,2022-02-26 17:00:00,6,11
收费站9,2022-02-26 18:00:00,11,8
收费站9,2022-02-26 19:00:00,2,7
收费站9,2022-02-26 20:00:00,1,1
收费站9,2022-02-26 21:00:00,2,0
收费站9,2022-02-26 22:00:00,0,1
收费站9,2022-02-26 23:00:00,3,1
收费站9,2022-02-27 00:00:00,2,1
收费站9,2022-02-27 01:00:00,2,0
收费站9,2022-02-27 02:00:00,0,0
收费站9,2022-02-27 03:00:00,0,0
收费站9,2022-02-27 04:00:00,2,0
收费站9,2022-02-27 05:00:00,7,0
收费站9,2022-02-27 06:00:00,9,0
收费站9,2022-02-27 07:00:00,5,2
收费站9,2022-02-27 08:00:00,6,1
收费站9,2022-02-27 09:00:00,11,2
收费站9,2022-02-27 10:00:00,6,2
收费站9,2022-02-27 11:00:00,6,1
收费站9,2022-02-27 12:00:00,6,3
收费站9,2022-02-27 13:00:00,7,3
收费站9,2022-02-27 14:00:00,10,2
收费站9,2022-02-27 15:00:00,4,4
收费站9,2022-02-27 16:00:00,11,5
收费站9,2022-02-27 17:00:00,8,4
收费站9,2022-02-27 18:00:00,4,5
收费站9,2022-02-27 19:00:00,5,2
收费站9,2022-02-27 20:00:00,4,1
收费站9,2022-02-27 21:00:00,2,1
收费站9,2022-02-27 22:00:00,1,0
收费站9,2022-02-27 23:00:00,0,0
收费站8,2022-02-22 00:00:00,1,1
收费站8,2022-02-22 01:00:00,2,2
收费站8,2022-02-22 02:00:00,1,0
收费站8,2022-02-22 03:00:00,0,2
收费站8,2022-02-22 04:00:00,0,1
收费站8,2022-02-22 05:00:00,3,1
收费站8,2022-02-22 06:00:00,5,3
收费站8,2022-02-22 07:00:00,16,6
收费站8,2022-02-22 08:00:00,20,11
收费站8,2022-02-22 09:00:00,27,12
收费站8,2022-02-22 10:00:00,17,13
收费站8,2022-02-22 11:00:00,14,11
收费站8,2022-02-22 12:00:00,16,11
收费站8,2022-02-22 13:00:00,13,13
收费站8,2022-02-22 14:00:00,16,21
收费站8,2022-02-22 15:00:00,10,19
收费站8,2022-02-22 16:00:00,13,10
收费站8,2022-02-22 17:00:00,14,14
收费站8,2022-02-22 18:00:00,11,25
收费站8,2022-02-22 19:00:00,5,11
收费站8,2022-02-22 20:00:00,6,3
收费站8,2022-02-22 21:00:00,4,2
收费站8,2022-02-22 22:00:00,2,5
收费站8,2022-02-22 23:00:00,2,2
收费站8,2022-02-23 00:00:00,0,1
收费站8,2022-02-23 01:00:00,0,0
收费站8,2022-02-23 02:00:00,0,0
收费站8,2022-02-23 03:00:00,1,2
收费站8,2022-02-23 04:00:00,0,0
收费站8,2022-02-23 05:00:00,0,4
收费站8,2022-02-23 06:00:00,3,3
收费站8,2022-02-23 07:00:00,15,5
收费站8,2022-02-23 08:00:00,12,10
收费站8,2022-02-23 09:00:00,17,14
收费站8,2022-02-23 10:00:00,13,10
收费站8,2022-02-23 11:00:00,6,8
收费站8,2022-02-23 12:00:00,4,11
收费站8,2022-02-23 13:00:00,6,1
收费站8,2022-02-23 14:00:00,16,1
收费站8,2022-02-23 15:00:00,11,1
收费站8,2022-02-23 16:00:00,13,1
收费站8,2022-02-23 17:00:00,8,4
收费站8,2022-02-23 18:00:00,12,3
收费站8,2022-02-23 19:00:00,5,1
收费站8,2022-02-23 20:00:00,4,1
收费站8,2022-02-23 21:00:00,4,0
收费站8,2022-02-23 22:00:00,4,1
收费站8,2022-02-23 23:00:00,0,0
收费站8,2022-02-24 00:00:00,2,1
收费站8,2022-02-24 01:00:00,0,1
收费站8,2022-02-24 02:00:00,1,0
收费站8,2022-02-24 03:00:00,0,0
收费站8,2022-02-24 04:00:00,1,0
收费站8,2022-02-24 05:00:00,2,0
收费站8,2022-02-24 06:00:00,2,0
收费站8,2022-02-24 07:00:00,15,1
收费站8,2022-02-24 08:00:00,19,1
收费站8,2022-02-24 09:00:00,16,0
收费站8,2022-02-24 10:00:00,20,0
收费站8,2022-02-24 11:00:00,11,0
收费站8,2022-02-24 12:00:00,8,0
收费站8,2022-02-24 13:00:00,11,1
收费站8,2022-02-24 14:00:00,6,4
收费站8,2022-02-24 15:00:00,5,1
收费站8,2022-02-24 16:00:00,14,3
收费站8,2022-02-24 17:00:00,10,0
收费站8,2022-02-24 18:00:00,10,0
收费站8,2022-02-24 19:00:00,12,3
收费站8,2022-02-24 20:00:00,2,0
收费站8,2022-02-24 21:00:00,4,0
收费站8,2022-02-24 22:00:00,4,1
收费站8,2022-02-24 23:00:00,2,1
收费站8,2022-02-25 00:00:00,1,0
收费站8,2022-02-25 01:00:00,0,0
收费站8,2022-02-25 02:00:00,0,0
收费站8,2022-02-25 03:00:00,0,0
收费站8,2022-02-25 04:00:00,0,0
收费站8,2022-02-25 05:00:00,4,0
收费站8,2022-02-25 06:00:00,4,1
收费站8,2022-02-25 07:00:00,6,1
收费站8,2022-02-25 08:00:00,17,2
收费站8,2022-02-25 09:00:00,24,1
收费站8,2022-02-25 10:00:00,10,1
收费站8,2022-02-25 11:00:00,8,14
收费站8,2022-02-25 12:00:00,16,6
收费站8,2022-02-25 13:00:00,13,12
收费站8,2022-02-25 14:00:00,15,17
收费站8,2022-02-25 15:00:00,21,17
收费站8,2022-02-25 16:00:00,10,16
收费站8,2022-02-25 17:00:00,23,32
收费站8,2022-02-25 18:00:00,14,29
收费站8,2022-02-25 19:00:00,14,16
收费站8,2022-02-25 20:00:00,10,12
收费站8,2022-02-25 21:00:00,4,3
收费站8,2022-02-25 22:00:00,4,9
收费站8,2022-02-25 23:00:00,1,1
收费站8,2022-02-26 00:00:00,1,1
收费站8,2022-02-26 01:00:00,1,5
收费站8,2022-02-26 02:00:00,0,1
收费站8,2022-02-26 03:00:00,0,2
收费站8,2022-02-26 04:00:00,0,0
收费站8,2022-02-26 05:00:00,1,1
收费站8,2022-02-26 06:00:00,7,1
收费站8,2022-02-26 07:00:00,11,6
收费站8,2022-02-26 08:00:00,17,7
收费站8,2022-02-26 09:00:00,23,13
收费站8,2022-02-26 10:00:00,27,18
收费站8,2022-02-26 11:00:00,17,5
收费站8,2022-02-26 12:00:00,12,11
收费站8,2022-02-26 13:00:00,12,18
收费站8,2022-02-26 14:00:00,13,9
收费站8,2022-02-26 15:00:00,21,14
收费站8,2022-02-26 16:00:00,11,10
收费站8,2022-02-26 17:00:00,11,17
收费站8,2022-02-26 18:00:00,9,11
收费站8,2022-02-26 19:00:00,12,5
收费站8,2022-02-26 20:00:00,8,4
收费站8,2022-02-26 21:00:00,2,4
收费站8,2022-02-26 22:00:00,1,0
收费站8,2022-02-26 23:00:00,1,4
收费站8,2022-02-27 00:00:00,1,1
收费站8,2022-02-27 01:00:00,0,0
收费站8,2022-02-27 02:00:00,0,0
收费站8,2022-02-27 03:00:00,0,1
收费站8,2022-02-27 04:00:00,2,3
收费站8,2022-02-27 05:00:00,1,1
收费站8,2022-02-27 06:00:00,4,7
收费站8,2022-02-27 07:00:00,18,8
收费站8,2022-02-27 08:00:00,20,10
收费站8,2022-02-27 09:00:00,31,17
收费站8,2022-02-27 10:00:00,15,12
收费站8,2022-02-27 11:00:00,11,12
收费站8,2022-02-27 12:00:00,12,8
收费站8,2022-02-27 13:00:00,8,17
收费站8,2022-02-27 14:00:00,18,12
收费站8,2022-02-27 15:00:00,14,19
收费站8,2022-02-27 16:00:00,33,23
收费站8,2022-02-27 17:00:00,14,15
收费站8,2022-02-27 18:00:00,10,15
收费站8,2022-02-27 19:00:00,2,8
收费站8,2022-02-27 20:00:00,9,6
收费站8,2022-02-27 21:00:00,2,7
收费站8,2022-02-27 22:00:00,1,4
收费站8,2022-02-27 23:00:00,2,4
收费站14,2022-02-22 00:00:00,1,0
收费站14,2022-02-22 01:00:00,0,0
收费站14,2022-02-22 02:00:00,0,0
收费站14,2022-02-22 03:00:00,0,0
收费站14,2022-02-22 04:00:00,0,0
收费站14,2022-02-22 05:00:00,0,0
收费站14,2022-02-22 06:00:00,1,0
收费站14,2022-02-22 07:00:00,5,3
收费站14,2022-02-22 08:00:00,10,6
收费站14,2022-02-22 09:00:00,9,3
收费站14,2022-02-22 10:00:00,16,0
收费站14,2022-02-22 11:00:00,6,4
收费站14,2022-02-22 12:00:00,4,3
收费站14,2022-02-22 13:00:00,6,3
收费站14,2022-02-22 14:00:00,5,1
收费站14,2022-02-22 15:00:00,7,1
收费站14,2022-02-22 16:00:00,12,8
收费站14,2022-02-22 17:00:00,4,3
收费站14,2022-02-22 18:00:00,6,3
收费站14,2022-02-22 19:00:00,6,1
收费站14,2022-02-22 20:00:00,5,0
收费站14,2022-02-22 21:00:00,1,0
收费站14,2022-02-22 22:00:00,0,1
收费站14,2022-02-22 23:00:00,0,1
收费站14,2022-02-23 00:00:00,0,0
收费站14,2022-02-23 01:00:00,1,0
收费站14,2022-02-23 02:00:00,0,0
收费站14,2022-02-23 03:00:00,0,0
收费站14,2022-02-23 04:00:00,0,0
收费站14,2022-02-23 05:00:00,1,0
收费站14,2022-02-23 06:00:00,3,1
收费站14,2022-02-23 07:00:00,1,0
收费站14,2022-02-23 08:00:00,6,4
收费站14,2022-02-23 09:00:00,22,5
收费站14,2022-02-23 10:00:00,11,3
收费站14,2022-02-23 11:00:00,4,4
收费站14,2022-02-23 12:00:00,3,1
收费站14,2022-02-23 13:00:00,6,2
收费站14,2022-02-23 14:00:00,8,3
收费站14,2022-02-23 15:00:00,5,1
收费站14,2022-02-23 16:00:00,8,5
收费站14,2022-02-23 17:00:00,1,4
收费站14,2022-02-23 18:00:00,1,2
收费站14,2022-02-23 19:00:00,5,2
收费站14,2022-02-23 20:00:00,1,0
收费站14,2022-02-23 21:00:00,3,1
收费站14,2022-02-23 22:00:00,1,0
收费站14,2022-02-23 23:00:00,1,0
收费站14,2022-02-24 00:00:00,1,1
收费站14,2022-02-24 01:00:00,0,0
收费站14,2022-02-24 02:00:00,0,0
收费站14,2022-02-24 03:00:00,0,0
收费站14,2022-02-24 04:00:00,0,0
收费站14,2022-02-24 05:00:00,1,0
收费站14,2022-02-24 06:00:00,2,0
收费站14,2022-02-24 07:00:00,6,2
收费站14,2022-02-24 08:00:00,6,1
收费站14,2022-02-24 09:00:00,9,2
收费站14,2022-02-24 10:00:00,11,7
收费站14,2022-02-24 11:00:00,5,4
收费站14,2022-02-24 12:00:00,7,3
收费站14,2022-02-24 13:00:00,10,5
收费站14,2022-02-24 14:00:00,7,1
收费站14,2022-02-24 15:00:00,4,3
收费站14,2022-02-24 16:00:00,4,3
收费站14,2022-02-24 17:00:00,5,1
收费站14,2022-02-24 18:00:00,4,3
收费站14,2022-02-24 19:00:00,2,3
收费站14,2022-02-24 20:00:00,1,0
收费站14,2022-02-24 21:00:00,1,0
收费站14,2022-02-24 22:00:00,0,0
收费站14,2022-02-24 23:00:00,0,0
收费站14,2022-02-25 00:00:00,0,0
收费站14,2022-02-25 01:00:00,0,0
收费站14,2022-02-25 02:00:00,0,0
收费站14,2022-02-25 03:00:00,0,0
收费站14,2022-02-25 04:00:00,0,0
收费站14,2022-02-25 05:00:00,1,0
收费站14,2022-02-25 06:00:00,0,0
收费站14,2022-02-25 07:00:00,2,1
收费站14,2022-02-25 08:00:00,4,2
收费站14,2022-02-25 09:00:00,11,4
收费站14,2022-02-25 10:00:00,4,2
收费站14,2022-02-25 11:00:00,4,0
收费站14,2022-02-25 12:00:00,6,5
收费站14,2022-02-25 13:00:00,5,1
收费站14,2022-02-25 14:00:00,6,1
收费站14,2022-02-25 15:00:00,12,3
收费站14,2022-02-25 16:00:00,3,5
收费站14,2022-02-25 17:00:00,9,3
收费站14,2022-02-25 18:00:00,5,7
收费站14,2022-02-25 19:00:00,2,1
收费站14,2022-02-25 20:00:00,5,0
收费站14,2022-02-25 21:00:00,2,1
收费站14,2022-02-25 22:00:00,0,0
收费站14,2022-02-25 23:00:00,0,0
收费站14,2022-02-26 00:00:00,0,0
收费站14,2022-02-26 01:00:00,0,0
收费站14,2022-02-26 02:00:00,0,0
收费站14,2022-02-26 03:00:00,0,0
收费站14,2022-02-26 04:00:00,0,0
收费站14,2022-02-26 05:00:00,0,1
收费站14,2022-02-26 06:00:00,0,0
收费站14,2022-02-26 07:00:00,8,2
收费站14,2022-02-26 08:00:00,10,2
收费站14,2022-02-26 09:00:00,4,4
收费站14,2022-02-26 10:00:00,11,3
收费站14,2022-02-26 11:00:00,5,3
收费站14,2022-02-26 12:00:00,4,1
收费站14,2022-02-26 13:00:00,8,3
收费站14,2022-02-26 14:00:00,5,1
收费站14,2022-02-26 15:00:00,12,3
收费站14,2022-02-26 16:00:00,7,2
收费站14,2022-02-26 17:00:00,9,1
收费站14,2022-02-26 18:00:00,8,0
收费站14,2022-02-26 19:00:00,5,2
收费站14,2022-02-26 20:00:00,3,1
收费站14,2022-02-26 21:00:00,1,0
收费站14,2022-02-26 22:00:00,0,0
收费站14,2022-02-26 23:00:00,0,1
收费站14,2022-02-27 00:00:00,0,0
收费站14,2022-02-27 01:00:00,1,0
收费站14,2022-02-27 02:00:00,0,0
收费站14,2022-02-27 03:00:00,0,0
收费站14,2022-02-27 04:00:00,1,0
收费站14,2022-02-27 05:00:00,0,0
收费站14,2022-02-27 06:00:00,4,0
收费站14,2022-02-27 07:00:00,4,2
收费站14,2022-02-27 08:00:00,9,1
收费站14,2022-02-27 09:00:00,9,2
收费站14,2022-02-27 10:00:00,5,3
收费站14,2022-02-27 11:00:00,5,4
收费站14,2022-02-27 12:00:00,9,0
收费站14,2022-02-27 13:00:00,3,4
收费站14,2022-02-27 14:00:00,14,4
收费站14,2022-02-27 15:00:00,10,6
收费站14,2022-02-27 16:00:00,5,10
收费站14,2022-02-27 17:00:00,9,6
收费站14,2022-02-27 18:00:00,6,1
收费站14,2022-02-27 19:00:00,2,4
收费站14,2022-02-27 20:00:00,5,0
收费站14,2022-02-27 21:00:00,4,0
收费站14,2022-02-27 22:00:00,3,1
收费站14,2022-02-27 23:00:00,0,2
收费站7,2022-02-22 00:00:00,0,0
收费站7,2022-02-22 01:00:00,0,0
收费站7,2022-02-22 02:00:00,0,0
收费站7,2022-02-22 03:00:00,1,0
收费站7,2022-02-22 04:00:00,0,0
收费站7,2022-02-22 05:00:00,0,0
收费站7,2022-02-22 06:00:00,0,1
收费站7,2022-02-22 07:00:00,5,1
收费站7,2022-02-22 08:00:00,6,8
收费站7,2022-02-22 09:00:00,8,10
收费站7,2022-02-22 10:00:00,3,3
收费站7,2022-02-22 11:00:00,8,6
收费站7,2022-02-22 12:00:00,4,1
收费站7,2022-02-22 13:00:00,3,1
收费站7,2022-02-22 14:00:00,4,3
收费站7,2022-02-22 15:00:00,5,0
收费站7,2022-02-22 16:00:00,3,2
收费站7,2022-02-22 17:00:00,3,4
收费站7,2022-02-22 18:00:00,4,5
收费站7,2022-02-22 19:00:00,2,6
收费站7,2022-02-22 20:00:00,0,0
收费站7,2022-02-22 21:00:00,2,1
收费站7,2022-02-22 22:00:00,1,1
收费站7,2022-02-22 23:00:00,0,3
收费站7,2022-02-23 00:00:00,0,1
收费站7,2022-02-23 01:00:00,0,0
收费站7,2022-02-23 02:00:00,0,0
收费站7,2022-02-23 03:00:00,0,0
收费站7,2022-02-23 04:00:00,0,0
收费站7,2022-02-23 05:00:00,0,0
收费站7,2022-02-23 06:00:00,1,1
收费站7,2022-02-23 07:00:00,4,4
收费站7,2022-02-23 08:00:00,6,6
收费站7,2022-02-23 09:00:00,15,2
收费站7,2022-02-23 10:00:00,6,4
收费站7,2022-02-23 11:00:00,3,5
收费站7,2022-02-23 12:00:00,0,4
收费站7,2022-02-23 13:00:00,4,2
收费站7,2022-02-23 14:00:00,8,2
收费站7,2022-02-23 15:00:00,7,4
收费站7,2022-02-23 16:00:00,2,2
收费站7,2022-02-23 17:00:00,6,2
收费站7,2022-02-23 18:00:00,1,2
收费站7,2022-02-23 19:00:00,6,3
收费站7,2022-02-23 20:00:00,2,2
收费站7,2022-02-23 21:00:00,1,2
收费站7,2022-02-23 22:00:00,1,1
收费站7,2022-02-23 23:00:00,0,0
收费站7,2022-02-24 00:00:00,0,0
收费站7,2022-02-24 01:00:00,0,0
收费站7,2022-02-24 02:00:00,0,0
收费站7,2022-02-24 03:00:00,1,0
收费站7,2022-02-24 04:00:00,0,0
收费站7,2022-02-24 05:00:00,0,0
收费站7,2022-02-24 06:00:00,0,0
收费站7,2022-02-24 07:00:00,2,2
收费站7,2022-02-24 08:00:00,2,1
收费站7,2022-02-24 09:00:00,9,6
收费站7,2022-02-24 10:00:00,4,5
收费站7,2022-02-24 11:00:00,3,5
收费站7,2022-02-24 12:00:00,2,2
收费站7,2022-02-24 13:00:00,4,3
收费站7,2022-02-24 14:00:00,3,6
收费站7,2022-02-24 15:00:00,9,5
收费站7,2022-02-24 16:00:00,4,8
收费站7,2022-02-24 17:00:00,3,8
收费站7,2022-02-24 18:00:00,6,9
收费站7,2022-02-24 19:00:00,1,3
收费站7,2022-02-24 20:00:00,0,5
收费站7,2022-02-24 21:00:00,1,1
收费站7,2022-02-24 22:00:00,1,2
收费站7,2022-02-24 23:00:00,0,0
收费站7,2022-02-25 00:00:00,0,0
收费站7,2022-02-25 01:00:00,0,0
收费站7,2022-02-25 02:00:00,0,0
收费站7,2022-02-25 03:00:00,1,0
收费站7,2022-02-25 04:00:00,0,0
收费站7,2022-02-25 05:00:00,0,0
收费站7,2022-02-25 06:00:00,2,0
收费站7,2022-02-25 07:00:00,2,2
收费站7,2022-02-25 08:00:00,9,2
收费站7,2022-02-25 09:00:00,9,2
收费站7,2022-02-25 10:00:00,8,3
收费站7,2022-02-25 11:00:00,1,3
收费站7,2022-02-25 12:00:00,1,1
收费站7,2022-02-25 13:00:00,3,4
收费站7,2022-02-25 14:00:00,7,4
收费站7,2022-02-25 15:00:00,6,1
收费站7,2022-02-25 16:00:00,8,3
收费站7,2022-02-25 17:00:00,8,6
收费站7,2022-02-25 18:00:00,5,5
收费站7,2022-02-25 19:00:00,2,5
收费站7,2022-02-25 20:00:00,7,5
收费站7,2022-02-25 21:00:00,2,1
收费站7,2022-02-25 22:00:00,0,0
收费站7,2022-02-25 23:00:00,0,0
收费站7,2022-02-26 00:00:00,0,0
收费站7,2022-02-26 01:00:00,0,0
收费站7,2022-02-26 02:00:00,0,0
收费站7,2022-02-26 03:00:00,0,0
收费站7,2022-02-26 04:00:00,0,0
收费站7,2022-02-26 05:00:00,0,0
收费站7,2022-02-26 06:00:00,4,0
收费站7,2022-02-26 07:00:00,4,1
收费站7,2022-02-26 08:00:00,4,3
收费站7,2022-02-26 09:00:00,8,5
收费站7,2022-02-26 10:00:00,7,4
收费站7,2022-02-26 11:00:00,9,2
收费站7,2022-02-26 12:00:00,2,3
收费站7,2022-02-26 13:00:00,6,2
收费站7,2022-02-26 14:00:00,2,3
收费站7,2022-02-26 15:00:00,7,6
收费站7,2022-02-26 16:00:00,2,5
收费站7,2022-02-26 17:00:00,4,3
收费站7,2022-02-26 18:00:00,4,3
收费站7,2022-02-26 19:00:00,0,4
收费站7,2022-02-26 20:00:00,1,2
收费站7,2022-02-26 21:00:00,1,2
收费站7,2022-02-26 22:00:00,0,1
收费站7,2022-02-26 23:00:00,0,1
收费站7,2022-02-27 00:00:00,0,1
收费站7,2022-02-27 01:00:00,0,0
收费站7,2022-02-27 02:00:00,0,0
收费站7,2022-02-27 03:00:00,0,0
收费站7,2022-02-27 04:00:00,0,0
收费站7,2022-02-27 05:00:00,0,1
收费站7,2022-02-27 06:00:00,0,1
收费站7,2022-02-27 07:00:00,5,2
收费站7,2022-02-27 08:00:00,2,2
收费站7,2022-02-27 09:00:00,8,5
收费站7,2022-02-27 10:00:00,9,4
收费站7,2022-02-27 11:00:00,4,5
收费站7,2022-02-27 12:00:00,6,2
收费站7,2022-02-27 13:00:00,4,4
收费站7,2022-02-27 14:00:00,6,6
收费站7,2022-02-27 15:00:00,4,3
收费站7,2022-02-27 16:00:00,6,9
收费站7,2022-02-27 17:00:00,6,2
收费站7,2022-02-27 18:00:00,9,3
收费站7,2022-02-27 19:00:00,3,4
收费站7,2022-02-27 20:00:00,3,2
收费站7,2022-02-27 21:00:00,2,3
收费站7,2022-02-27 22:00:00,3,1
收费站7,2022-02-27 23:00:00,0,1
收费站6,2022-02-22 00:00:00,2,0
收费站6,2022-02-22 01:00:00,1,0
收费站6,2022-02-22 02:00:00,0,0
收费站6,2022-02-22 03:00:00,1,0
收费站6,2022-02-22 04:00:00,3,0
收费站6,2022-02-22 05:00:00,0,0
收费站6,2022-02-22 06:00:00,4,0
收费站6,2022-02-22 07:00:00,2,8
收费站6,2022-02-22 08:00:00,6,9
收费站6,2022-02-22 09:00:00,12,10
收费站6,2022-02-22 10:00:00,3,9
收费站6,2022-02-22 11:00:00,7,5
收费站6,2022-02-22 12:00:00,3,8
收费站6,2022-02-22 13:00:00,5,4
收费站6,2022-02-22 14:00:00,5,6
收费站6,2022-02-22 15:00:00,4,8
收费站6,2022-02-22 16:00:00,5,4
收费站6,2022-02-22 17:00:00,3,4
收费站6,2022-02-22 18:00:00,2,5
收费站6,2022-02-22 19:00:00,4,2
收费站6,2022-02-22 20:00:00,3,0
收费站6,2022-02-22 21:00:00,1,1
收费站6,2022-02-22 22:00:00,0,1
收费站6,2022-02-22 23:00:00,0,0
收费站6,2022-02-23 00:00:00,1,0
收费站6,2022-02-23 01:00:00,1,1
收费站6,2022-02-23 02:00:00,0,0
收费站6,2022-02-23 03:00:00,1,0
收费站6,2022-02-23 04:00:00,2,0
收费站6,2022-02-23 05:00:00,5,0
收费站6,2022-02-23 06:00:00,1,1
收费站6,2022-02-23 07:00:00,2,9
收费站6,2022-02-23 08:00:00,2,6
收费站6,2022-02-23 09:00:00,6,5
收费站6,2022-02-23 10:00:00,7,6
收费站6,2022-02-23 11:00:00,6,8
收费站6,2022-02-23 12:00:00,6,6
收费站6,2022-02-23 13:00:00,4,4
收费站6,2022-02-23 14:00:00,5,8
收费站6,2022-02-23 15:00:00,10,9
收费站6,2022-02-23 16:00:00,3,4
收费站6,2022-02-23 17:00:00,5,2
收费站6,2022-02-23 18:00:00,4,2
收费站6,2022-02-23 19:00:00,1,4
收费站6,2022-02-23 20:00:00,1,2
收费站6,2022-02-23 21:00:00,0,3
收费站6,2022-02-23 22:00:00,0,2
收费站6,2022-02-23 23:00:00,1,1
收费站6,2022-02-24 00:00:00,0,0
收费站6,2022-02-24 01:00:00,0,0
收费站6,2022-02-24 02:00:00,0,0
收费站6,2022-02-24 03:00:00,2,0
收费站6,2022-02-24 04:00:00,3,0
收费站6,2022-02-24 05:00:00,3,1
收费站6,2022-02-24 06:00:00,0,0
收费站6,2022-02-24 07:00:00,2,7
收费站6,2022-02-24 08:00:00,2,7
收费站6,2022-02-24 09:00:00,7,10
收费站6,2022-02-24 10:00:00,5,15
收费站6,2022-02-24 11:00:00,7,16
收费站6,2022-02-24 12:00:00,6,1
收费站6,2022-02-24 13:00:00,7,11
收费站6,2022-02-24 14:00:00,4,10
收费站6,2022-02-24 15:00:00,3,6
收费站6,2022-02-24 16:00:00,2,7
收费站6,2022-02-24 17:00:00,7,3
收费站6,2022-02-24 18:00:00,2,1
收费站6,2022-02-24 19:00:00,2,3
收费站6,2022-02-24 20:00:00,3,0
收费站6,2022-02-24 21:00:00,2,5
收费站6,2022-02-24 22:00:00,2,0
收费站6,2022-02-24 23:00:00,2,1
收费站6,2022-02-25 00:00:00,0,0
收费站6,2022-02-25 01:00:00,0,1
收费站6,2022-02-25 02:00:00,2,0
收费站6,2022-02-25 03:00:00,1,0
收费站6,2022-02-25 04:00:00,2,0
收费站6,2022-02-25 05:00:00,2,0
收费站6,2022-02-25 06:00:00,0,0
收费站6,2022-02-25 07:00:00,2,5
收费站6,2022-02-25 08:00:00,3,4
收费站6,2022-02-25 09:00:00,7,18
收费站6,2022-02-25 10:00:00,7,9
收费站6,2022-02-25 11:00:00,4,5
收费站6,2022-02-25 12:00:00,9,2
收费站6,2022-02-25 13:00:00,5,6
收费站6,2022-02-25 14:00:00,5,2
收费站6,2022-02-25 15:00:00,7,0
收费站6,2022-02-25 16:00:00,2,4
收费站6,2022-02-25 17:00:00,8,2
收费站6,2022-02-25 18:00:00,2,2
收费站6,2022-02-25 19:00:00,8,1
收费站6,2022-02-25 20:00:00,4,2
收费站6,2022-02-25 21:00:00,0,1
收费站6,2022-02-25 22:00:00,2,1
收费站6,2022-02-25 23:00:00,0,2
收费站6,2022-02-26 00:00:00,3,0
收费站6,2022-02-26 01:00:00,1,1
收费站6,2022-02-26 02:00:00,0,0
收费站6,2022-02-26 03:00:00,1,0
收费站6,2022-02-26 04:00:00,2,0
收费站6,2022-02-26 05:00:00,0,0
收费站6,2022-02-26 06:00:00,2,2
收费站6,2022-02-26 07:00:00,1,2
收费站6,2022-02-26 08:00:00,2,6
收费站6,2022-02-26 09:00:00,6,6
收费站6,2022-02-26 10:00:00,7,11
收费站6,2022-02-26 11:00:00,5,5
收费站6,2022-02-26 12:00:00,3,6
收费站6,2022-02-26 13:00:00,3,4
收费站6,2022-02-26 14:00:00,3,8
收费站6,2022-02-26 15:00:00,8,3
收费站6,2022-02-26 16:00:00,4,5
收费站6,2022-02-26 17:00:00,4,3
收费站6,2022-02-26 18:00:00,2,5
收费站6,2022-02-26 19:00:00,1,3
收费站6,2022-02-26 20:00:00,0,2
收费站6,2022-02-26 21:00:00,1,1
收费站6,2022-02-26 22:00:00,1,2
收费站6,2022-02-26 23:00:00,0,0
收费站6,2022-02-27 00:00:00,1,1
收费站6,2022-02-27 01:00:00,0,1
收费站6,2022-02-27 02:00:00,0,0
收费站6,2022-02-27 03:00:00,1,0
收费站6,2022-02-27 04:00:00,3,0
收费站6,2022-02-27 05:00:00,2,0
收费站6,2022-02-27 06:00:00,1,2
收费站6,2022-02-27 07:00:00,1,3
收费站6,2022-02-27 08:00:00,5,3
收费站6,2022-02-27 09:00:00,7,15
收费站6,2022-02-27 10:00:00,11,12
收费站6,2022-02-27 11:00:00,4,8
收费站6,2022-02-27 12:00:00,7,4
收费站6,2022-02-27 13:00:00,3,4
收费站6,2022-02-27 14:00:00,4,6
收费站6,2022-02-27 15:00:00,4,7
收费站6,2022-02-27 16:00:00,12,5
收费站6,2022-02-27 17:00:00,6,6
收费站6,2022-02-27 18:00:00,3,6
收费站6,2022-02-27 19:00:00,0,4
收费站6,2022-02-27 20:00:00,1,5
收费站6,2022-02-27 21:00:00,0,2
收费站6,2022-02-27 22:00:00,0,1
收费站6,2022-02-27 23:00:00,1,2
收费站5,2022-02-22 00:00:00,0,0
收费站5,2022-02-22 01:00:00,0,2
收费站5,2022-02-22 02:00:00,0,2
收费站5,2022-02-22 03:00:00,0,3
收费站5,2022-02-22 04:00:00,0,2
收费站5,2022-02-22 05:00:00,0,5
收费站5,2022-02-22 06:00:00,1,15
收费站5,2022-02-22 07:00:00,1,33
收费站5,2022-02-22 08:00:00,6,69
收费站5,2022-02-22 09:00:00,4,105
收费站5,2022-02-22 10:00:00,5,82
收费站5,2022-02-22 11:00:00,7,70
收费站5,2022-02-22 12:00:00,5,56
收费站5,2022-02-22 13:00:00,3,54
收费站5,2022-02-22 14:00:00,6,58
收费站5,2022-02-22 15:00:00,4,55
收费站5,2022-02-22 16:00:00,3,57
收费站5,2022-02-22 17:00:00,5,37
收费站5,2022-02-22 18:00:00,2,45
收费站5,2022-02-22 19:00:00,3,40
收费站5,2022-02-22 20:00:00,2,24
收费站5,2022-02-22 21:00:00,2,24
收费站5,2022-02-22 22:00:00,1,14
收费站5,2022-02-22 23:00:00,0,12
收费站5,2022-02-23 00:00:00,1,7
收费站5,2022-02-23 01:00:00,0,5
收费站5,2022-02-23 02:00:00,0,1
收费站5,2022-02-23 03:00:00,0,2
收费站5,2022-02-23 04:00:00,0,1
收费站5,2022-02-23 05:00:00,0,8
收费站5,2022-02-23 06:00:00,2,13
收费站5,2022-02-23 07:00:00,1,39
收费站5,2022-02-23 08:00:00,3,61
收费站5,2022-02-23 09:00:00,5,103
收费站5,2022-02-23 10:00:00,4,81
收费站5,2022-02-23 11:00:00,8,51
收费站5,2022-02-23 12:00:00,2,42
收费站5,2022-02-23 13:00:00,3,48
收费站5,2022-02-23 14:00:00,4,58
收费站5,2022-02-23 15:00:00,2,49
收费站5,2022-02-23 16:00:00,3,44
收费站5,2022-02-23 17:00:00,1,39
收费站5,2022-02-23 18:00:00,3,37
收费站5,2022-02-23 19:00:00,0,29
收费站5,2022-02-23 20:00:00,2,28
收费站5,2022-02-23 21:00:00,1,11
收费站5,2022-02-23 22:00:00,2,10
收费站5,2022-02-23 23:00:00,0,11
收费站5,2022-02-24 00:00:00,0,1
收费站5,2022-02-24 01:00:00,1,2
收费站5,2022-02-24 02:00:00,0,1
收费站5,2022-02-24 03:00:00,0,5
收费站5,2022-02-24 04:00:00,0,4
收费站5,2022-02-24 05:00:00,0,6
收费站5,2022-02-24 06:00:00,3,4
收费站5,2022-02-24 07:00:00,3,32
收费站5,2022-02-24 08:00:00,9,63
收费站5,2022-02-24 09:00:00,5,74
收费站5,2022-02-24 10:00:00,5,67
收费站5,2022-02-24 11:00:00,1,51
收费站5,2022-02-24 12:00:00,2,42
收费站5,2022-02-24 13:00:00,8,41
收费站5,2022-02-24 14:00:00,3,64
收费站5,2022-02-24 15:00:00,5,49
收费站5,2022-02-24 16:00:00,3,42
收费站5,2022-02-24 17:00:00,1,37
收费站5,2022-02-24 18:00:00,3,31
收费站5,2022-02-24 19:00:00,4,24
收费站5,2022-02-24 20:00:00,1,31
收费站5,2022-02-24 21:00:00,0,20
收费站5,2022-02-24 22:00:00,0,12
收费站5,2022-02-24 23:00:00,1,9
收费站5,2022-02-25 00:00:00,1,0
收费站5,2022-02-25 01:00:00,0,2
收费站5,2022-02-25 02:00:00,0,2
收费站5,2022-02-25 03:00:00,0,4
收费站5,2022-02-25 04:00:00,0,7
收费站5,2022-02-25 05:00:00,0,9
收费站5,2022-02-25 06:00:00,0,15
收费站5,2022-02-25 07:00:00,3,38
收费站5,2022-02-25 08:00:00,9,51
收费站5,2022-02-25 09:00:00,4,90
收费站5,2022-02-25 10:00:00,1,75
收费站5,2022-02-25 11:00:00,2,49
收费站5,2022-02-25 12:00:00,4,46
收费站5,2022-02-25 13:00:00,0,43
收费站5,2022-02-25 14:00:00,3,42
收费站5,2022-02-25 15:00:00,7,63
收费站5,2022-02-25 16:00:00,4,41
收费站5,2022-02-25 17:00:00,4,81
收费站5,2022-02-25 18:00:00,3,47
收费站5,2022-02-25 19:00:00,6,60
收费站5,2022-02-25 20:00:00,0,49
收费站5,2022-02-25 21:00:00,4,21
收费站5,2022-02-25 22:00:00,1,22
收费站5,2022-02-25 23:00:00,1,16
收费站5,2022-02-26 00:00:00,1,8
收费站5,2022-02-26 01:00:00,0,6
收费站5,2022-02-26 02:00:00,0,1
收费站5,2022-02-26 03:00:00,0,1
收费站5,2022-02-26 04:00:00,0,1
收费站5,2022-02-26 05:00:00,1,1
收费站5,2022-02-26 06:00:00,1,7
收费站5,2022-02-26 07:00:00,1,30
收费站5,2022-02-26 08:00:00,3,59
收费站5,2022-02-26 09:00:00,10,75
收费站5,2022-02-26 10:00:00,5,78
收费站5,2022-02-26 11:00:00,6,59
收费站5,2022-02-26 12:00:00,4,53
收费站5,2022-02-26 13:00:00,4,37
收费站5,2022-02-26 14:00:00,6,60
收费站5,2022-02-26 15:00:00,7,64
收费站5,2022-02-26 16:00:00,3,49
收费站5,2022-02-26 17:00:00,3,39
收费站5,2022-02-26 18:00:00,1,52
收费站5,2022-02-26 19:00:00,1,33
收费站5,2022-02-26 20:00:00,0,26
收费站5,2022-02-26 21:00:00,5,21
收费站5,2022-02-26 22:00:00,3,11
收费站5,2022-02-26 23:00:00,0,9
收费站5,2022-02-27 00:00:00,0,5
收费站5,2022-02-27 01:00:00,0,3
收费站5,2022-02-27 02:00:00,0,1
收费站5,2022-02-27 03:00:00,0,3
收费站5,2022-02-27 04:00:00,0,4
收费站5,2022-02-27 05:00:00,0,7
收费站5,2022-02-27 06:00:00,1,10
收费站5,2022-02-27 07:00:00,1,30
收费站5,2022-02-27 08:00:00,2,50
收费站5,2022-02-27 09:00:00,6,73
收费站5,2022-02-27 10:00:00,3,74
收费站5,2022-02-27 11:00:00,4,45
收费站5,2022-02-27 12:00:00,4,47
收费站5,2022-02-27 13:00:00,5,43
收费站5,2022-02-27 14:00:00,6,56
收费站5,2022-02-27 15:00:00,5,54
收费站5,2022-02-27 16:00:00,5,61
收费站5,2022-02-27 17:00:00,9,53
收费站5,2022-02-27 18:00:00,4,57
收费站5,2022-02-27 19:00:00,3,33
收费站5,2022-02-27 20:00:00,1,29
收费站5,2022-02-27 21:00:00,2,21
收费站5,2022-02-27 22:00:00,0,17
收费站5,2022-02-27 23:00:00,0,13
收费站4,2022-02-22 00:00:00,0,1
收费站4,2022-02-22 01:00:00,0,1
收费站4,2022-02-22 02:00:00,0,0
收费站4,2022-02-22 03:00:00,0,0
收费站4,2022-02-22 04:00:00,0,0
收费站4,2022-02-22 05:00:00,0,0
收费站4,2022-02-22 06:00:00,0,1
收费站4,2022-02-22 07:00:00,4,5
收费站4,2022-02-22 08:00:00,3,6
收费站4,2022-02-22 09:00:00,2,7
收费站4,2022-02-22 10:00:00,2,16
收费站4,2022-02-22 11:00:00,3,16
收费站4,2022-02-22 12:00:00,1,7
收费站4,2022-02-22 13:00:00,0,9
收费站4,2022-02-22 14:00:00,1,9
收费站4,2022-02-22 15:00:00,1,6
收费站4,2022-02-22 16:00:00,0,12
收费站4,2022-02-22 17:00:00,1,18
收费站4,2022-02-22 18:00:00,0,8
收费站4,2022-02-22 19:00:00,0,6
收费站4,2022-02-22 20:00:00,2,7
收费站4,2022-02-22 21:00:00,1,4
收费站4,2022-02-22 22:00:00,1,3
收费站4,2022-02-22 23:00:00,0,1
收费站4,2022-02-23 00:00:00,0,4
收费站4,2022-02-23 01:00:00,0,0
收费站4,2022-02-23 02:00:00,0,0
收费站4,2022-02-23 03:00:00,0,0
收费站4,2022-02-23 04:00:00,0,0
收费站4,2022-02-23 05:00:00,0,0
收费站4,2022-02-23 06:00:00,0,1
收费站4,2022-02-23 07:00:00,3,7
收费站4,2022-02-23 08:00:00,2,5
收费站4,2022-02-23 09:00:00,4,6
收费站4,2022-02-23 10:00:00,1,5
收费站4,2022-02-23 11:00:00,3,8
收费站4,2022-02-23 12:00:00,0,6
收费站4,2022-02-23 13:00:00,2,7
收费站4,2022-02-23 14:00:00,3,0
收费站4,2022-02-23 15:00:00,3,8
收费站4,2022-02-23 16:00:00,1,8
收费站4,2022-02-23 17:00:00,1,9
收费站4,2022-02-23 18:00:00,2,12
收费站4,2022-02-23 19:00:00,0,7
收费站4,2022-02-23 20:00:00,0,6
收费站4,2022-02-23 21:00:00,0,2
收费站4,2022-02-23 22:00:00,1,1
收费站4,2022-02-23 23:00:00,0,2
收费站4,2022-02-24 00:00:00,0,0
收费站4,2022-02-24 01:00:00,0,2
收费站4,2022-02-24 02:00:00,0,0
收费站4,2022-02-24 03:00:00,0,0
收费站4,2022-02-24 04:00:00,0,0
收费站4,2022-02-24 05:00:00,1,0
收费站4,2022-02-24 06:00:00,1,1
收费站4,2022-02-24 07:00:00,4,2
收费站4,2022-02-24 08:00:00,3,2
收费站4,2022-02-24 09:00:00,1,12
收费站4,2022-02-24 10:00:00,4,5
收费站4,2022-02-24 11:00:00,1,8
收费站4,2022-02-24 12:00:00,0,7
收费站4,2022-02-24 13:00:00,2,5
收费站4,2022-02-24 14:00:00,1,9
收费站4,2022-02-24 15:00:00,0,8
收费站4,2022-02-24 16:00:00,1,4
收费站4,2022-02-24 17:00:00,1,12
收费站4,2022-02-24 18:00:00,0,9
收费站4,2022-02-24 19:00:00,0,9
收费站4,2022-02-24 20:00:00,0,4
收费站4,2022-02-24 21:00:00,0,3
收费站4,2022-02-24 22:00:00,0,5
收费站4,2022-02-24 23:00:00,0,3
收费站4,2022-02-25 00:00:00,0,1
收费站4,2022-02-25 01:00:00,0,0
收费站4,2022-02-25 02:00:00,0,0
收费站4,2022-02-25 03:00:00,0,0
收费站4,2022-02-25 04:00:00,0,0
收费站4,2022-02-25 05:00:00,0,1
收费站4,2022-02-25 06:00:00,0,1
收费站4,2022-02-25 07:00:00,3,2
收费站4,2022-02-25 08:00:00,1,4
收费站4,2022-02-25 09:00:00,3,13
收费站4,2022-02-25 10:00:00,1,10
收费站4,2022-02-25 11:00:00,0,12
收费站4,2022-02-25 12:00:00,1,10
收费站4,2022-02-25 13:00:00,3,7
收费站4,2022-02-25 14:00:00,1,8
收费站4,2022-02-25 15:00:00,3,4
收费站4,2022-02-25 16:00:00,1,3
收费站4,2022-02-25 17:00:00,1,6
收费站4,2022-02-25 18:00:00,1,13
收费站4,2022-02-25 19:00:00,0,8
收费站4,2022-02-25 20:00:00,0,11
收费站4,2022-02-25 21:00:00,0,5
收费站4,2022-02-25 22:00:00,1,4
收费站4,2022-02-25 23:00:00,0,6
收费站4,2022-02-26 00:00:00,0,2
收费站4,2022-02-26 01:00:00,0,0
收费站4,2022-02-26 02:00:00,0,1
收费站4,2022-02-26 03:00:00,0,1
收费站4,2022-02-26 04:00:00,0,0
收费站4,2022-02-26 05:00:00,0,1
收费站4,2022-02-26 06:00:00,0,0
收费站4,2022-02-26 07:00:00,0,5
收费站4,2022-02-26 08:00:00,1,3
收费站4,2022-02-26 09:00:00,1,5
收费站4,2022-02-26 10:00:00,1,16
收费站4,2022-02-26 11:00:00,1,7
收费站4,2022-02-26 12:00:00,0,10
收费站4,2022-02-26 13:00:00,0,7
收费站4,2022-02-26 14:00:00,4,13
收费站4,2022-02-26 15:00:00,1,10
收费站4,2022-02-26 16:00:00,2,13
收费站4,2022-02-26 17:00:00,2,15
收费站4,2022-02-26 18:00:00,0,12
收费站4,2022-02-26 19:00:00,0,14
收费站4,2022-02-26 20:00:00,0,4
收费站4,2022-02-26 21:00:00,1,4
收费站4,2022-02-26 22:00:00,0,3
收费站4,2022-02-26 23:00:00,0,1
收费站4,2022-02-27 00:00:00,0,1
收费站4,2022-02-27 01:00:00,0,2
收费站4,2022-02-27 02:00:00,0,2
收费站4,2022-02-27 03:00:00,1,0
收费站4,2022-02-27 04:00:00,0,0
收费站4,2022-02-27 05:00:00,0,0
收费站4,2022-02-27 06:00:00,1,1
收费站4,2022-02-27 07:00:00,2,1
收费站4,2022-02-27 08:00:00,0,3
收费站4,2022-02-27 09:00:00,2,17
收费站4,2022-02-27 10:00:00,7,14
收费站4,2022-02-27 11:00:00,1,11
收费站4,2022-02-27 12:00:00,0,12
收费站4,2022-02-27 13:00:00,2,6
收费站4,2022-02-27 14:00:00,1,8
收费站4,2022-02-27 15:00:00,2,9
收费站4,2022-02-27 16:00:00,1,15
收费站4,2022-02-27 17:00:00,0,13
收费站4,2022-02-27 18:00:00,2,16
收费站4,2022-02-27 19:00:00,0,6
收费站4,2022-02-27 20:00:00,0,7
收费站4,2022-02-27 21:00:00,1,7
收费站4,2022-02-27 22:00:00,1,1
收费站4,2022-02-27 23:00:00,1,4
收费站3,2022-02-22 00:00:00,1,1
收费站3,2022-02-22 01:00:00,0,1
收费站3,2022-02-22 02:00:00,0,1
收费站3,2022-02-22 03:00:00,0,0
收费站3,2022-02-22 04:00:00,1,2
收费站3,2022-02-22 05:00:00,1,1
收费站3,2022-02-22 06:00:00,1,1
收费站3,2022-02-22 07:00:00,6,3
收费站3,2022-02-22 08:00:00,6,13
收费站3,2022-02-22 09:00:00,9,18
收费站3,2022-02-22 10:00:00,6,6
收费站3,2022-02-22 11:00:00,4,9
收费站3,2022-02-22 12:00:00,4,9
收费站3,2022-02-22 13:00:00,4,8
收费站3,2022-02-22 14:00:00,2,15
收费站3,2022-02-22 15:00:00,3,5
收费站3,2022-02-22 16:00:00,6,6
收费站3,2022-02-22 17:00:00,4,9
收费站3,2022-02-22 18:00:00,8,7
收费站3,2022-02-22 19:00:00,2,10
收费站3,2022-02-22 20:00:00,1,9
收费站3,2022-02-22 21:00:00,0,6
收费站3,2022-02-22 22:00:00,3,3
收费站3,2022-02-22 23:00:00,0,2
收费站3,2022-02-23 00:00:00,1,1
收费站3,2022-02-23 01:00:00,0,1
收费站3,2022-02-23 02:00:00,1,0
收费站3,2022-02-23 03:00:00,0,0
收费站3,2022-02-23 04:00:00,0,1
收费站3,2022-02-23 05:00:00,0,2
收费站3,2022-02-23 06:00:00,0,2
收费站3,2022-02-23 07:00:00,10,2
收费站3,2022-02-23 08:00:00,4,6
收费站3,2022-02-23 09:00:00,11,9
收费站3,2022-02-23 10:00:00,11,15
收费站3,2022-02-23 11:00:00,3,13
收费站3,2022-02-23 12:00:00,4,6
收费站3,2022-02-23 13:00:00,5,7
收费站3,2022-02-23 14:00:00,2,7
收费站3,2022-02-23 15:00:00,4,13
收费站3,2022-02-23 16:00:00,1,14
收费站3,2022-02-23 17:00:00,4,4
收费站3,2022-02-23 18:00:00,2,9
收费站3,2022-02-23 19:00:00,5,5
收费站3,2022-02-23 20:00:00,0,2
收费站3,2022-02-23 21:00:00,4,4
收费站3,2022-02-23 22:00:00,2,7
收费站3,2022-02-23 23:00:00,1,2
收费站3,2022-02-24 00:00:00,1,2
收费站3,2022-02-24 01:00:00,1,1
收费站3,2022-02-24 02:00:00,0,0
收费站3,2022-02-24 03:00:00,0,1
收费站3,2022-02-24 04:00:00,1,0
收费站3,2022-02-24 05:00:00,1,1
收费站3,2022-02-24 06:00:00,3,2
收费站3,2022-02-24 07:00:00,4,4
收费站3,2022-02-24 08:00:00,4,5
收费站3,2022-02-24 09:00:00,5,15
收费站3,2022-02-24 10:00:00,7,9
收费站3,2022-02-24 11:00:00,1,8
收费站3,2022-02-24 12:00:00,5,7
收费站3,2022-02-24 13:00:00,2,7
收费站3,2022-02-24 14:00:00,6,14
收费站3,2022-02-24 15:00:00,1,7
收费站3,2022-02-24 16:00:00,1,6
收费站3,2022-02-24 17:00:00,1,10
收费站3,2022-02-24 18:00:00,9,7
收费站3,2022-02-24 19:00:00,4,7
收费站3,2022-02-24 20:00:00,0,7
收费站3,2022-02-24 21:00:00,0,5
收费站3,2022-02-24 22:00:00,0,1
收费站3,2022-02-24 23:00:00,0,0
收费站3,2022-02-25 00:00:00,1,1
收费站3,2022-02-25 01:00:00,1,2
收费站3,2022-02-25 02:00:00,1,3
收费站3,2022-02-25 03:00:00,1,0
收费站3,2022-02-25 04:00:00,1,0
收费站3,2022-02-25 05:00:00,1,1
收费站3,2022-02-25 06:00:00,2,1
收费站3,2022-02-25 07:00:00,6,3
收费站3,2022-02-25 08:00:00,8,9
收费站3,2022-02-25 09:00:00,4,13
收费站3,2022-02-25 10:00:00,6,8
收费站3,2022-02-25 11:00:00,2,4
收费站3,2022-02-25 12:00:00,7,9
收费站3,2022-02-25 13:00:00,2,2
收费站3,2022-02-25 14:00:00,9,7
收费站3,2022-02-25 15:00:00,8,11
收费站3,2022-02-25 16:00:00,11,8
收费站3,2022-02-25 17:00:00,6,14
收费站3,2022-02-25 18:00:00,6,10
收费站3,2022-02-25 19:00:00,4,12
收费站3,2022-02-25 20:00:00,5,4
收费站3,2022-02-25 21:00:00,1,5
收费站3,2022-02-25 22:00:00,1,6
收费站3,2022-02-25 23:00:00,0,5
收费站3,2022-02-26 00:00:00,0,0
收费站3,2022-02-26 01:00:00,1,2
收费站3,2022-02-26 02:00:00,1,1
收费站3,2022-02-26 03:00:00,0,0
收费站3,2022-02-26 04:00:00,0,0
收费站3,2022-02-26 05:00:00,1,0
收费站3,2022-02-26 06:00:00,1,1
收费站3,2022-02-26 07:00:00,6,1
收费站3,2022-02-26 08:00:00,4,7
收费站3,2022-02-26 09:00:00,5,19
收费站3,2022-02-26 10:00:00,7,11
收费站3,2022-02-26 11:00:00,5,15
收费站3,2022-02-26 12:00:00,6,14
收费站3,2022-02-26 13:00:00,4,5
收费站3,2022-02-26 14:00:00,4,5
收费站3,2022-02-26 15:00:00,3,11
收费站3,2022-02-26 16:00:00,5,9
收费站3,2022-02-26 17:00:00,1,11
收费站3,2022-02-26 18:00:00,5,3
收费站3,2022-02-26 19:00:00,7,6
收费站3,2022-02-26 20:00:00,3,6
收费站3,2022-02-26 21:00:00,1,5
收费站3,2022-02-26 22:00:00,1,8
收费站3,2022-02-26 23:00:00,0,4
收费站3,2022-02-27 00:00:00,0,1
收费站3,2022-02-27 01:00:00,0,1
收费站3,2022-02-27 02:00:00,1,1
收费站3,2022-02-27 03:00:00,0,1
收费站3,2022-02-27 04:00:00,1,0
收费站3,2022-02-27 05:00:00,2,0
收费站3,2022-02-27 06:00:00,1,1
收费站3,2022-02-27 07:00:00,2,8
收费站3,2022-02-27 08:00:00,2,6
收费站3,2022-02-27 09:00:00,10,13
收费站3,2022-02-27 10:00:00,8,22
收费站3,2022-02-27 11:00:00,3,14
收费站3,2022-02-27 12:00:00,8,10
收费站3,2022-02-27 13:00:00,9,8
收费站3,2022-02-27 14:00:00,7,7
收费站3,2022-02-27 15:00:00,8,12
收费站3,2022-02-27 16:00:00,3,8
收费站3,2022-02-27 17:00:00,9,9
收费站3,2022-02-27 18:00:00,5,11
收费站3,2022-02-27 19:00:00,3,9
收费站3,2022-02-27 20:00:00,3,5
收费站3,2022-02-27 21:00:00,2,3
收费站3,2022-02-27 22:00:00,2,3
收费站3,2022-02-27 23:00:00,0,5
收费站2,2022-02-22 00:00:00,0,0
收费站2,2022-02-22 01:00:00,0,1
收费站2,2022-02-22 02:00:00,0,0
收费站2,2022-02-22 03:00:00,0,0
收费站2,2022-02-22 04:00:00,0,0
收费站2,2022-02-22 05:00:00,0,0
收费站2,2022-02-22 06:00:00,0,0
收费站2,2022-02-22 07:00:00,0,6
收费站2,2022-02-22 08:00:00,1,8
收费站2,2022-02-22 09:00:00,0,10
收费站2,2022-02-22 10:00:00,1,10
收费站2,2022-02-22 11:00:00,2,9
收费站2,2022-02-22 12:00:00,0,1
收费站2,2022-02-22 13:00:00,0,4
收费站2,2022-02-22 14:00:00,1,6
收费站2,2022-02-22 15:00:00,3,5
收费站2,2022-02-22 16:00:00,2,9
收费站2,2022-02-22 17:00:00,4,6
收费站2,2022-02-22 18:00:00,1,14
收费站2,2022-02-22 19:00:00,1,5
收费站2,2022-02-22 20:00:00,2,3
收费站2,2022-02-22 21:00:00,0,3
收费站2,2022-02-22 22:00:00,0,3
收费站2,2022-02-22 23:00:00,0,2
收费站2,2022-02-23 00:00:00,0,1
收费站2,2022-02-23 01:00:00,0,2
收费站2,2022-02-23 02:00:00,0,0
收费站2,2022-02-23 03:00:00,0,0
收费站2,2022-02-23 04:00:00,0,0
收费站2,2022-02-23 05:00:00,0,0
收费站2,2022-02-23 06:00:00,0,0
收费站2,2022-02-23 07:00:00,0,9
收费站2,2022-02-23 08:00:00,1,8
收费站2,2022-02-23 09:00:00,0,6
收费站2,2022-02-23 10:00:00,2,9
收费站2,2022-02-23 11:00:00,0,5
收费站2,2022-02-23 12:00:00,2,5
收费站2,2022-02-23 13:00:00,1,5
收费站2,2022-02-23 14:00:00,0,8
收费站2,2022-02-23 15:00:00,4,14
收费站2,2022-02-23 16:00:00,1,6
收费站2,2022-02-23 17:00:00,2,4
收费站2,2022-02-23 18:00:00,1,4
收费站2,2022-02-23 19:00:00,0,7
收费站2,2022-02-23 20:00:00,1,3
收费站2,2022-02-23 21:00:00,1,3
收费站2,2022-02-23 22:00:00,1,2
收费站2,2022-02-23 23:00:00,1,2
收费站2,2022-02-24 00:00:00,0,0
收费站2,2022-02-24 01:00:00,0,1
收费站2,2022-02-24 02:00:00,0,0
收费站2,2022-02-24 03:00:00,0,1
收费站2,2022-02-24 04:00:00,0,1
收费站2,2022-02-24 05:00:00,0,0
收费站2,2022-02-24 06:00:00,0,1
收费站2,2022-02-24 07:00:00,1,4
收费站2,2022-02-24 08:00:00,0,6
收费站2,2022-02-24 09:00:00,0,5
收费站2,2022-02-24 10:00:00,4,8
收费站2,2022-02-24 11:00:00,0,10
收费站2,2022-02-24 12:00:00,0,6
收费站2,2022-02-24 13:00:00,0,4
收费站2,2022-02-24 14:00:00,0,9
收费站2,2022-02-24 15:00:00,3,2
收费站2,2022-02-24 16:00:00,4,4
收费站2,2022-02-24 17:00:00,3,4
收费站2,2022-02-24 18:00:00,0,7
收费站2,2022-02-24 19:00:00,1,3
收费站2,2022-02-24 20:00:00,0,4
收费站2,2022-02-24 21:00:00,0,0
收费站2,2022-02-24 22:00:00,1,2
收费站2,2022-02-24 23:00:00,0,1
收费站2,2022-02-25 00:00:00,0,0
收费站2,2022-02-25 01:00:00,0,0
收费站2,2022-02-25 02:00:00,0,0
收费站2,2022-02-25 03:00:00,0,0
收费站2,2022-02-25 04:00:00,0,1
收费站2,2022-02-25 05:00:00,0,0
收费站2,2022-02-25 06:00:00,0,0
收费站2,2022-02-25 07:00:00,0,9
收费站2,2022-02-25 08:00:00,0,6
收费站2,2022-02-25 09:00:00,1,11
收费站2,2022-02-25 10:00:00,0,10
收费站2,2022-02-25 11:00:00,0,5
收费站2,2022-02-25 12:00:00,0,5
收费站2,2022-02-25 13:00:00,2,3
收费站2,2022-02-25 14:00:00,0,6
收费站2,2022-02-25 15:00:00,1,5
收费站2,2022-02-25 16:00:00,2,6
收费站2,2022-02-25 17:00:00,3,7
收费站2,2022-02-25 18:00:00,2,3
收费站2,2022-02-25 19:00:00,0,3
收费站2,2022-02-25 20:00:00,1,3
收费站2,2022-02-25 21:00:00,0,3
收费站2,2022-02-25 22:00:00,1,0
收费站2,2022-02-25 23:00:00,0,1
收费站2,2022-02-26 00:00:00,0,2
收费站2,2022-02-26 01:00:00,0,0
收费站2,2022-02-26 02:00:00,0,0
收费站2,2022-02-26 03:00:00,0,0
收费站2,2022-02-26 04:00:00,0,0
收费站2,2022-02-26 05:00:00,0,0
收费站2,2022-02-26 06:00:00,0,1
收费站2,2022-02-26 07:00:00,0,6
收费站2,2022-02-26 08:00:00,1,4
收费站2,2022-02-26 09:00:00,0,9
收费站2,2022-02-26 10:00:00,3,9
收费站2,2022-02-26 11:00:00,0,7
收费站2,2022-02-26 12:00:00,1,2
收费站2,2022-02-26 13:00:00,2,4
收费站2,2022-02-26 14:00:00,1,7
收费站2,2022-02-26 15:00:00,3,6
收费站2,2022-02-26 16:00:00,3,7
收费站2,2022-02-26 17:00:00,1,6
收费站2,2022-02-26 18:00:00,1,12
收费站2,2022-02-26 19:00:00,1,10
收费站2,2022-02-26 20:00:00,0,2
收费站2,2022-02-26 21:00:00,1,0
收费站2,2022-02-26 22:00:00,1,1
收费站2,2022-02-26 23:00:00,0,2
收费站2,2022-02-27 00:00:00,0,0
收费站2,2022-02-27 01:00:00,0,0
收费站2,2022-02-27 02:00:00,0,0
收费站2,2022-02-27 03:00:00,0,0
收费站2,2022-02-27 04:00:00,0,0
收费站2,2022-02-27 05:00:00,0,0
收费站2,2022-02-27 06:00:00,0,1
收费站2,2022-02-27 07:00:00,0,5
收费站2,2022-02-27 08:00:00,0,5
收费站2,2022-02-27 09:00:00,2,9
收费站2,2022-02-27 10:00:00,2,8
收费站2,2022-02-27 11:00:00,1,8
收费站2,2022-02-27 12:00:00,2,6
收费站2,2022-02-27 13:00:00,1,7
收费站2,2022-02-27 14:00:00,1,4
收费站2,2022-02-27 15:00:00,4,8
收费站2,2022-02-27 16:00:00,1,8
收费站2,2022-02-27 17:00:00,0,9
收费站2,2022-02-27 18:00:00,2,8
收费站2,2022-02-27 19:00:00,1,5
收费站2,2022-02-27 20:00:00,0,10
收费站2,2022-02-27 21:00:00,1,2
收费站2,2022-02-27 22:00:00,0,0
收费站2,2022-02-27 23:00:00,0,2
收费站1,2022-02-22 00:00:00,0,1
收费站1,2022-02-22 01:00:00,0,5
收费站1,2022-02-22 02:00:00,0,1
收费站1,2022-02-22 03:00:00,0,1
收费站1,2022-02-22 04:00:00,0,6
收费站1,2022-02-22 05:00:00,0,7
收费站1,2022-02-22 06:00:00,0,8
收费站1,2022-02-22 07:00:00,0,20
收费站1,2022-02-22 08:00:00,0,46
收费站1,2022-02-22 09:00:00,0,51
收费站1,2022-02-22 10:00:00,1,60
收费站1,2022-02-22 11:00:00,0,56
收费站1,2022-02-22 12:00:00,0,45
收费站1,2022-02-22 13:00:00,0,38
收费站1,2022-02-22 14:00:00,0,57
收费站1,2022-02-22 15:00:00,0,38
收费站1,2022-02-22 16:00:00,0,54
收费站1,2022-02-22 17:00:00,0,52
收费站1,2022-02-22 18:00:00,0,34
收费站1,2022-02-22 19:00:00,0,27
收费站1,2022-02-22 20:00:00,0,13
收费站1,2022-02-22 21:00:00,0,15
收费站1,2022-02-22 22:00:00,0,10
收费站1,2022-02-22 23:00:00,0,5
收费站1,2022-02-23 00:00:00,0,5
收费站1,2022-02-23 01:00:00,0,4
收费站1,2022-02-23 02:00:00,0,6
收费站1,2022-02-23 03:00:00,0,3
收费站1,2022-02-23 04:00:00,0,4
收费站1,2022-02-23 05:00:00,0,6
收费站1,2022-02-23 06:00:00,0,11
收费站1,2022-02-23 07:00:00,0,24
收费站1,2022-02-23 08:00:00,0,36
收费站1,2022-02-23 09:00:00,1,53
收费站1,2022-02-23 10:00:00,0,74
收费站1,2022-02-23 11:00:00,0,42
收费站1,2022-02-23 12:00:00,0,28
收费站1,2022-02-23 13:00:00,0,49
收费站1,2022-02-23 14:00:00,0,40
收费站1,2022-02-23 15:00:00,0,53
收费站1,2022-02-23 16:00:00,1,41
收费站1,2022-02-23 17:00:00,0,38
收费站1,2022-02-23 18:00:00,1,33
收费站1,2022-02-23 19:00:00,0,23
收费站1,2022-02-23 20:00:00,0,23
收费站1,2022-02-23 21:00:00,0,28
收费站1,2022-02-23 22:00:00,0,10
收费站1,2022-02-23 23:00:00,0,4
收费站1,2022-02-24 00:00:00,0,5
收费站1,2022-02-24 01:00:00,0,5
收费站1,2022-02-24 02:00:00,0,0
收费站1,2022-02-24 03:00:00,0,3
收费站1,2022-02-24 04:00:00,0,6
收费站1,2022-02-24 05:00:00,0,7
收费站1,2022-02-24 06:00:00,0,13
收费站1,2022-02-24 07:00:00,0,20
收费站1,2022-02-24 08:00:00,0,38
收费站1,2022-02-24 09:00:00,0,53
收费站1,2022-02-24 10:00:00,1,47
收费站1,2022-02-24 11:00:00,0,48
收费站1,2022-02-24 12:00:00,0,28
收费站1,2022-02-24 13:00:00,0,37
收费站1,2022-02-24 14:00:00,0,37
收费站1,2022-02-24 15:00:00,0,50
收费站1,2022-02-24 16:00:00,1,39
收费站1,2022-02-24 17:00:00,1,44
收费站1,2022-02-24 18:00:00,0,40
收费站1,2022-02-24 19:00:00,0,38
收费站1,2022-02-24 20:00:00,1,7
收费站1,2022-02-24 21:00:00,0,22
收费站1,2022-02-24 22:00:00,0,9
收费站1,2022-02-24 23:00:00,0,7
收费站1,2022-02-25 00:00:00,0,5
收费站1,2022-02-25 01:00:00,0,2
收费站1,2022-02-25 02:00:00,0,3
收费站1,2022-02-25 03:00:00,0,5
收费站1,2022-02-25 04:00:00,0,4
收费站1,2022-02-25 05:00:00,0,5
收费站1,2022-02-25 06:00:00,0,10
收费站1,2022-02-25 07:00:00,0,14
收费站1,2022-02-25 08:00:00,0,25
收费站1,2022-02-25 09:00:00,0,40
收费站1,2022-02-25 10:00:00,0,51
收费站1,2022-02-25 11:00:00,0,39
收费站1,2022-02-25 12:00:00,1,31
收费站1,2022-02-25 13:00:00,0,30
收费站1,2022-02-25 14:00:00,0,54
收费站1,2022-02-25 15:00:00,0,44
收费站1,2022-02-25 16:00:00,0,49
收费站1,2022-02-25 17:00:00,0,52
收费站1,2022-02-25 18:00:00,0,47
收费站1,2022-02-25 19:00:00,0,48
收费站1,2022-02-25 20:00:00,0,24
收费站1,2022-02-25 21:00:00,0,24
收费站1,2022-02-25 22:00:00,0,18
收费站1,2022-02-25 23:00:00,0,9
收费站1,2022-02-26 00:00:00,0,5
收费站1,2022-02-26 01:00:00,0,4
收费站1,2022-02-26 02:00:00,0,5
收费站1,2022-02-26 03:00:00,0,4
收费站1,2022-02-26 04:00:00,0,1
收费站1,2022-02-26 05:00:00,0,2
收费站1,2022-02-26 06:00:00,0,8
收费站1,2022-02-26 07:00:00,0,14
收费站1,2022-02-26 08:00:00,0,25
收费站1,2022-02-26 09:00:00,0,36
收费站1,2022-02-26 10:00:00,0,52
收费站1,2022-02-26 11:00:00,0,67
收费站1,2022-02-26 12:00:00,0,41
收费站1,2022-02-26 13:00:00,0,33
收费站1,2022-02-26 14:00:00,0,39
收费站1,2022-02-26 15:00:00,0,44
收费站1,2022-02-26 16:00:00,0,51
收费站1,2022-02-26 17:00:00,0,34
收费站1,2022-02-26 18:00:00,0,41
收费站1,2022-02-26 19:00:00,0,35
收费站1,2022-02-26 20:00:00,0,27
收费站1,2022-02-26 21:00:00,1,16
收费站1,2022-02-26 22:00:00,0,9
收费站1,2022-02-26 23:00:00,0,6
收费站1,2022-02-27 00:00:00,0,9
收费站1,2022-02-27 01:00:00,0,1
收费站1,2022-02-27 02:00:00,0,3
收费站1,2022-02-27 03:00:00,0,5
收费站1,2022-02-27 04:00:00,0,3
收费站1,2022-02-27 05:00:00,0,8
收费站1,2022-02-27 06:00:00,0,7
收费站1,2022-02-27 07:00:00,0,24
收费站1,2022-02-27 08:00:00,0,31
收费站1,2022-02-27 09:00:00,0,41
收费站1,2022-02-27 10:00:00,0,47
收费站1,2022-02-27 11:00:00,0,43
收费站1,2022-02-27 12:00:00,0,34
收费站1,2022-02-27 13:00:00,0,35
收费站1,2022-02-27 14:00:00,1,47
收费站1,2022-02-27 15:00:00,0,67
收费站1,2022-02-27 16:00:00,0,56
收费站1,2022-02-27 17:00:00,0,66
收费站1,2022-02-27 18:00:00,0,50
收费站1,2022-02-27 19:00:00,0,50
收费站1,2022-02-27 20:00:00,0,23
收费站1,2022-02-27 21:00:00,0,21
收费站1,2022-02-27 22:00:00,0,27
收费站1,2022-02-27 23:00:00,0,14
